No,ID,ACCID,Vet Name,แขวง/ตำบล,เขต/อำเภอ,จังหวัด,Address ID,Zip ,วันที่เปิดทำการ,เวลาเปิดทำการ,เวลาปิดทำการ,ที่อยู่,Stock,Stock
281,802350-1,802350,โรงพยาบาลสัตว์อิทธิเวช สาขาบ้านเกาะ,บ้านเกาะ,อำเภอเมืองนครราชสีมา,นครราชสีมา,300112,30000,ทุกวัน,8:00:00 AM,11:59:00 PM,ถ. สุรนารายณ์,40,
282,802350-2,802350,โรงพยาบาลสัตว์อิทธิเวช สาขายมราช,ในเมือง,อำเภอเมืองนครราชสีมา,นครราชสีมา,300101,30000,ทุกวัน,8:00:00 AM,8:00:00 PM,557 561 ถนน ยมราช,40,80
101,802375,802375,หจก. ชาติชายฟาร์ม,ในเมือง,อำเภอเมืองสุรินทร์,สุรินทร์,320101,32000,"วันจันทร์, วันอังคาร, วันพุธ, วันพฤหัส, วันศุกร์, วันเสาร์",8:00:00 AM,6:30:00 PM,218/18-20 ถ.เทศบาล 3,10,10
348,802387,802387,วัชระรักษาสัตว์,คลองกระแชง,อำเภอเมืองเพชรบุรี,เพชรบุรี,760102,76000,ทุกวัน,8:00:00 AM,7:00:00 PM,119/1 ถ.ราชวิถี,25,25
257,802390,802390,โรงพยาบาลสัตว์พนัส,พนัสนิคม,อำเภอพนัสนิคม,ชลบุรี,200601,20140,"วันอังคาร, วันพุธ, วันพฤหัส, วันศุกร์, วันเสาร์, วันอาทิตย์",8:30:00 AM,7:00:00 PM,17/1-2 ถ. จารุวร,20,20
98,802401,802401,โรงพยาบาลสัตว์เวชพงษ์,หมากแข้ง,อำเภอเมืองอุดรธานี,อุดรธานี,410101,41000,ทุกวัน,9:00:00 AM,8:00:00 PM,124/13-14 ถนนศรีสุข,10,10
52,802410,802410,โรงพยาบาลสัตว์กรุงศรี,หอรัตนไชย,อำเภอพระนครศรีอยุธยา,พระนครศรีอยุธยา,140103,13000,ทุกวัน,12:00:00 AM,11:59:00 PM,20/4 ม.2 ถ.คลองมะขามเรียง,100,100
423,802429,802429,เกียรติศักดิ์สัตวแพทย์,แม่กลอง,อำเภอเมืองสมุทรสงคราม,สมุทรสงคราม,750101,75000,ทุกวัน,9:00:00 AM,4:30:00 PM,"458/5, ถ.เพชรสมุทร",10,10
5,802441,802441,พิชัยสัตวแพทย์,ทะเลชุบศร,อำเภอเมืองลพบุรี,ลพบุรี,160101,15000,ทุกวัน,9:00:00 AM,8:00:00 PM,2/1-3,40,40
302,802460,802460,โรงพยาบาลสัตว์ปิยะมิตร ,ในเมือง,อำเภอเมืองขอนแก่น,ขอนแก่น,400101,40000,ทุกวัน,12:00:00 AM,12:00:00 AM,58/236 ถ.ชาตะผดุง,25,25
227,802466,802466,คลีนิคสัตวแพทย์,ในเมือง,อำเภอเมืองเพชรบูรณ์,เพชรบูรณ์,670101,67000,ทุกวัน,10:00:00 AM,6:00:00 PM,"15 Nikorn Bamrung Rd, Nai Mueang, Mueang Phetchabun District, Phetchabun 67000",10,10
134,802477,802477,ตราดสัตวแพทย์,วังกระแจะ,อำเภอเมืองตราด,ตราด,230107,23000,ทุกวัน,7:30:00 AM,8:00:00 PM,123 ถนนวิวัฒนะ,10,10
26,802504,802504,โรงพยาบาลสัตว์เพื่อพูน,หายยา,อำเภอเมืองเชียงใหม่,เชียงใหม่,500103,50100,ทุกวัน,7:00:00 AM,12:00:00 AM,"242 (ตรงข้ามศูนย์วัฒนธรรม), ถ.วัวลาย",25,25
6,802507,802507,สามชัยสัตวแพทย์,หนองหลวง,อำเภอเมืองตาก,ตาก,630102,63000,"วันจันทร์, วันอังคาร, วันพฤหัส, วันศุกร์, วันเสาร์, วันอาทิตย์",9:00:00 AM,7:30:00 PM,105-107  ถนนจอมพล,20,20
307,802516,802516,สถานพยาบาลสัตว์ปริญญา ,ในเมือง,อำเภอเมืองนครราชสีมา,นครราชสีมา,300101,30000,ทุกวัน,9:00:00 AM,5:00:00 PM,398/4 ถ.ยมราช,40,40
287,802562,802562,คลินิครักษาสัตว์ ,บ้านกอก,อำเภอจัตุรัส,ชัยภูมิ,360601,36130,"วันจันทร์, วันอังคาร, วันพุธ, วันศุกร์, วันเสาร์, วันอาทิตย์",9:00:00 AM,6:00:00 PM,390 ม.1 ถ.โกสีย์,20,20
31,802597,802597,โรงพยาบาลสัตว์เขลางค์,สบตุ๋ย,อำเภอเมืองลำปาง,ลำปาง,520104,52100,ทุกวัน,8:30:00 AM,7:00:00 PM,363 ฉัตรไชย,10,10
209,802670,802670,โรงพยาบาล น.สพ.ชาญประเสริฐ พลซา,กุดป่อง,อำเภอเมืองเลย,เลย,420101,42000,ทุกวัน,10:00:00 AM,6:00:00 PM,"เลขที่ 18/1 กุดป่อง อ.เมืองเลย, Loei 42000",10,10
127,802731,802731,รักษาสัตว์บ้านพักสัตวแพทย์ราชโยธา,รอบเวียง,อำเภอเมืองเชียงราย,เชียงราย,570102,57000,"วันจันทร์, วันอังคาร, วันพุธ, วันพฤหัส, วันศุกร์, วันเสาร์",9:00:00 AM,6:00:00 PM,88/5 ถนนราชโยธา,10,10
178,802739,802739,โรงพยาบาลสัตว์ลาดบัวหลวง,ลาดบัวหลวง,อำเภอลาดบัวหลวง,พระนครศรีอยุธยา,141001,13230,ทุกวัน,8:00:00 AM,7:30:00 PM,59/8 ม.3,150,150
100,802752,802752,พี.เอ็น.เทรดดิ้งเพ็ทช็อปอุดร,หมากแข้ง,อำเภอเมืองอุดรธานี,อุดรธานี,410101,41000,ทุกวัน,8:30:00 AM,7:00:00 PM,150/3-4 ถ.แจ่มนุสรณ์,10,10
259,802761,802761,โรงพยาบาลสัตว์เนินพลับหวาน,หนองปรือ,อำเภอบางละมุง,ชลบุรี,200402,20150,ทุกวัน,12:00:00 AM,12:00:00 AM,21/97-100 ม.5 ซ.สุขุมวิทพัทยา 53,10,10
260,802782,802782,คลินิคแสนตุ้งสัตวแพทย์,แสนตุ้ง,อำเภอเขาสมิง,ตราด,230302,23150,ทุกวัน,8:30:00 AM,7:30:00 PM,114/8 ม.9 สามแยกบางกระดาน,25,25
270,802801,802801,นาวีสัตวแพทย์,สัตหีบ,อำเภอสัตหีบ,ชลบุรี,200901,20180,ทุกวัน,9:00:00 AM,7:00:00 PM,6/15-16 ม.7 เยื่องโรงเรียนสิงสมุทร ข้างร้านรวมยนต์,10,10
243,802828,802828,อินทร์บุรีสัตวแพทย์ ตลาดไหม่อินทร์บุรี(หมอภาษิต),อินทร์บุรี,อำเภออินทร์บุรี,สิงห์บุรี,170601,16110,ทุกวัน,10:00:00 AM,6:00:00 PM,"258หมู่6 In Buri, Sing Buri 16110",100,100
78,802830,802830,ดอนทองสัตวแพทย์,บางตีนเป็ด,อำเภอเมืองฉะเชิงเทรา,ฉะเชิงเทรา,240105,24000,"วันจันทร์, วันอังคาร, วันพุธ, วันพฤหัส, วันศุกร์, วันเสาร์",8:30:00 AM,7:00:00 PM,129 ซอยหมู่บ้านดอนทองธานี,20,20
334,802868,802868,โรงพยาบาลสัตว์หมอตาล,ท่าราบ,อำเภอเมืองเพชรบุรี,เพชรบุรี,760101,76000,ทุกวัน,9:00:00 AM,8:00:00 PM,เลขที่ 5 ซอยวัฒนธรรม 4 ถ.พระทรง,20,20
233,802888,802888,สถาปนาสัตวแพทย์,ปากแพรก,อำเภอทุ่งสง,นครศรีธรรมราช,800901,80110,ทุกวัน,8:00:00 AM,8:00:00 PM,163/2 ถ.เปรมประชา,10,10
261,802897,802897,เพ็ทแคร์คลีนิกรักษาสัตว์,ท่าประดู่,อำเภอเมืองระยอง,ระยอง,210101,21000,"วันจันทร์, วันอังคาร, วันพุธ, วันพฤหัส, วันศุกร์, วันเสาร์",9:00:00 AM,7:30:00 PM,8/26 ถ.ศูนย์การค้าสาย 4 ใกล้ร้านทองพานทอง(ศูนย์การค้าสตาร์พลาซ่า),10,10
340,802931,802931,คลินิคสี่ขาและเพ็ทช็อป,หน้าเมือง,อำเภอเมืองราชบุรี,ราชบุรี,700101,70000,ทุกวัน,9:00:00 AM,8:00:00 PM,35/39-40 ถ.เพชรเกษมสายเก่า,40,40
99,802938,802938,โรงพยาบาลสัตว์มุกดาหาร,มุกดาหาร,อำเภอเมืองมุกดาหาร,มุกดาหาร,490101,49000,ทุกวัน,8:30:00 AM,7:30:00 PM,45/1 ถ.พิทักษ์พนมเขต,10,10
157,802981,802981,คลินิกเพื่อนสัตว์,นางรอง,อำเภอนางรอง,บุรีรัมย์,310401,31110,"วันจันทร์, วันอังคาร, วันพุธ, วันพฤหัส, วันศุกร์, วันเสาร์",9:00:00 AM,7:00:00 PM,541/1 ถนนประจันตเขต,20,20
274,802998,802998,โรงพยาบาลสัตว์วังน้ำเย็น,วังน้ำเย็น,อำเภอวังน้ำเย็น,สระแก้ว,270401,27210,ทุกวัน,8:00:00 AM,8:00:00 PM,92/5-6 ม.1,40,40
162,803004,803004,คลินิกสัตว์ประโคนชัย,ประโคนชัย,อำเภอประโคนชัย,บุรีรัมย์,310701,31140,ทุกวัน,8:30:00 AM,7:00:00 PM,ในปั๊มพีที,10,10
324,803010,803010,เอื้อมพรรักษาสัตว์,ศาลาแดง,อำเภอเมืองอ่างทอง,อ่างทอง,150103,14000,ทุกวัน (ปิดวันพุธ),8:00:00 AM,6:00:00 PM,9/16 ม.6 ถ.อ่างทอง-โพธิ์ทอง,120,120
341,803014,803014,คลีนิคเพื่อนสัตว์เลี้ยง,สามชุก,อำเภอสามชุก,สุพรรณบุรี,720803,72130,ทุกวัน (ปิดวันจันทร์),9:00:00 AM,7:00:00 PM,225/36 ม.2,100,100
32,803030,803030,คลินิกรักษาสัตว์เพ็ทโฮม,บ้านดู่,อำเภอเมืองเชียงราย,เชียงราย,570103,57100,"วันจันทร์, วันอังคาร, วันพุธ, วันพฤหัส, วันศุกร์, วันเสาร์",9:00:00 AM,7:00:00 PM,177/3,10,10
255,803034,803034,พยูนสัตวแพทย์,บ้านฉาง,อำเภอบ้านฉาง,ระยอง,210203,21130,"วันจันทร์, วันพุธ, วันพฤหัส, วันศุกร์, วันเสาร์, วันอาทิตย์",9:30:00 AM,8:00:00 PM,145 ม.5,20,20
161,803042,803042,สุคนธาสัตวแพทย์,มุกดาหาร,อำเภอเมืองมุกดาหาร,มุกดาหาร,490101,49000,ทุกวัน,9:00:00 AM,7:00:00 PM,1 ถนนพิทักษ์พนมเขต,25,25
297,803076,803076,โรงพยาบาลสัตว์ปากช่อง ,ปากช่อง,อำเภอปากช่อง,นครราชสีมา,302101,30130,ทุกวัน,9:00:00 AM,7:00:00 PM,840/1-3 ถ.มิตรภาพ,10,10
331,803097,803097,หัวหินรักษาสัตว์,หัวหิน,อำเภอหัวหิน,ประจวบคีรีขันธ์,770701,77110,ทุกวัน,10:00:00 AM,8:00:00 PM,72/4 ถ.แนบเคหาสน์,10,10
305,803101,803101,โรงพยาบาลสัตว์อรัญประเทศ ,บ้านใหม่หนองไทร,อำเภออรัญประเทศ,สระแก้ว,270608,27120,ทุกวัน,8:00:00 AM,8:00:00 PM,283 ม.6 ถ.ธนะวิถี,10,10
205,803137,803137,คลินิกสัตว์สี่ขา,บางพุทรา,อำเภอเมืองสิงห์บุรี,สิงห์บุรี,170101,16000,"วันอังคาร, วันพุธ, วันพฤหัส, วันศุกร์, วันเสาร์, วันอาทิตย์",10:00:00 AM,7:00:00 PM,817 ถ.รัตนโกสินทร์200ปี	ต.บางพุทรา	อ.เมือง	จ.สิงห์บุรี	16000,20,20
2,803143,803143,คลินิกรักษาสัตว์เพชรแท้,ในเมือง,อำเภอเมืองเพชรบูรณ์,เพชรบูรณ์,670101,67000,"วันจันทร์, วันอังคาร, วันพุธ, วันพฤหัส, วันศุกร์, วันเสาร์",8:30:00 AM,7:00:00 PM,470/20 ถ.เพชรเจริญ,25,25
337,803164,803164,คลินิกบ้านสัตว์เลี้ยง ,หัวหิน,อำเภอหัวหิน,ประจวบคีรีขันธ์,770701,77110,ทุกวัน,9:00:00 AM,8:00:00 PM,6/74 ถ.เพชรเกษม,20,20
385,803213,803213,ร้านกิตติศักดิ์เพ็ทมาร์ทสาขาอยุธยา,ประตูชัย,อำเภอพระนครศรีอยุธยา,พระนครศรีอยุธยา,140101,13000,ทุกวัน,9:00:00 AM,9:00:00 PM,7/3 ม.1 ถ.จักรพรรดิ์,450,450
283,803229,803229,กาญจนาสัตวแพทย์ ,เขื่อนอุบลรัตน์,อำเภออุบลรัตน์,ขอนแก่น,400803,40250,ทุกวัน,8:00:00 AM,5:00:00 PM,335 ม.2 ถ.สุขาภิบาล1,10,10
130,803233,803233,โรงพยาบาลสัตว์ใบเตยเพ็ทแคร์,ในเมือง,อำเภอเมืองสุรินทร์,สุรินทร์,320101,32000,ทุกวัน,8:30:00 AM,8:00:00 PM,21/97-98,40,40
480,803235,803235,ลำตะคองสัตวแพทย์ ,หนองสาหร่าย,อำเภอปากช่อง,นครราชสีมา,302106,30130,ทุกวัน,8:00:00 AM,7:00:00 PM,57/8 ม.21,150,150
25,803245,803245,นาทีทรัพย์รักษาสัตว์,ช้างเผือก,อำเภอเมืองเชียงใหม่,เชียงใหม่,500107,50300,"วันจันทร์, วันอังคาร, วันพฤหัส, วันศุกร์, วันเสาร์, วันอาทิตย์",10:00:00 AM,7:00:00 PM,152 ทางคู่ขนานถนน ซูเปอร์ไฮเวย์,20,20
165,803278,803278,พรรณาสัตวแพทย์,พรรณา,อำเภอพรรณานิคม,สกลนคร,470401,47130,ทุกวัน,5:00:00 PM,8:00:00 PM,ปากทางเข้าอ.พรรณา,10,10
215,803293,803293,พรทรัพย์สัตวแพทย์,หล่มสัก,อำเภอหล่มสัก,เพชรบูรณ์,670301,67110,ทุกวัน,10:00:00 AM,6:00:00 PM,120/9 ถ.วจี	ต.หล่มสัก	อ.หล่มสัก	จ.เพชรบูรณ์	67110,20,20
20,803314,803314,หมอนัทรักษาสัตว์,ป่าซาง,อำเภอป่าซาง,ลำพูน,510602,51120,ทุกวัน,10:00:00 AM,7:00:00 PM,111 หมู่ 1 ถนนลำพูน-ลี้,40,40
250,803327-1,803327,โรงพยาบาลสัตว์พัทยาเหนือ,นาเกลือ,อำเภอบางละมุง,ชลบุรี,200408,20150,ทุกวัน,8:00:00 AM,8:00:00 PM,120/19,50,
251,803327-2,803327,โรงพยาบาลสัตว์บุญสัมพันธ์ (Boonsamphan animal hospital),หนองปรือ,อำเภอบางละมุง,ชลบุรี,200402,20150,ทุกวัน,9:00:00 AM,7:00:00 PM,39/130-1 ม.10 ซ.เขาน้อย,0,50
310,803347,803347,โรงพยาบาลสัตว์ นภัคสิริ อ.วังน้ำเขียว (หมออุ๊),วังน้ำเขียว,อำเภอวังน้ำเขียว,นครราชสีมา,302501,30370,ทุกวัน,7:00:00 AM,7:00:00 PM,489 ม.10,10,10
1,803363,803363,สัตวแพทย์โอภาส,หน้าเมือง,อำเภอเมืองฉะเชิงเทรา,ฉะเชิงเทรา,240101,24000,ทุกวัน,9:00:00 AM,7:00:00 PM,486/4 ถ.ศุขประยูร,50,50
211,803369,803369,พิงพันธ์สัตวแพทย์,กุดป่อง,อำเภอเมืองเลย,เลย,420101,42000,ทุกวัน,5:30:00 PM,7:00:00 PM,156 ถ.เจริญรัฐ	ต.กุดป่อง	อ.เมือง	จ.เลย	42000,10,10
293,803385,803385,โรงพยาบาลสัตว์มหาดไทย ,ในเมือง,อำเภอเมืองนครราชสีมา,นครราชสีมา,300101,30000,ทุกวัน,7:30:00 AM,8:30:00 PM,437/2 ถ.มหาดไทย,10,10
219,803513,803513,ร้านสัตวแพทย์,สลกบาตร,อำเภอขาณุวรลักษบุรี,กำแพงเพชร,620406,62140,ทุกวัน,10:00:00 AM,6:00:00 PM,"1441/4 ม.1, ถ.สลกบาตร-แสนตอ สลกบาตร Khanu Woralaksaburi District, Kamphaeng Phet 62140",10,10
217,803533-1,803533,โรงพยาบาลสัตว์ศิริราษฎร์ ,ท้ายช้าง,อำเภอเมืองพังงา,พังงา,820101,82000,ทุกวัน,8:00:00 AM,8:00:00 PM,15/3 ซอย ศิริราษฎร์,10,
218,803533-2,803533,โรงพยาบาลสัตว์ศิริราษฎร์ สาขาอ่าวลึก,อ่าวลึกใต้,อำเภออ่าวลึก,กระบี่,810501,81110,ทุกวัน,8:00:00 AM,8:00:00 PM,13/19-21 ม.4 ถ.อ่าวลึก-แหลมสัก,0,10
133,803610,803610,Dogclub Clinic,เนินพระ,อำเภอเมืองระยอง,ระยอง,210109,21000,ทุกวัน,9:00:00 AM,7:00:00 PM,338/5 ถ.สุขุมวิท,500,500
284,803689,803689,คงฤทธิ์สัตวแพทย์,ตลาด,อำเภอเมืองมหาสารคาม,มหาสารคาม,440101,44000,ทุกวัน,8:00:00 AM,8:00:00 PM,60 ถ.ศรีสวัสดิ์ดำเนิน,10,10
263,803705,803705,ศักดารักษาสัตว์,วังกระแจะ,อำเภอเมืองตราด,ตราด,230107,23000,ทุกวัน,8:00:00 AM,7:00:00 PM,80/22 ถ.สุขุมวิท,10,10
285,803713,803713,คลินิกเพ็ท-แคร์ สัตวแพทย์ ,ท่าตูม,อำเภอศรีมหาโพธิ,ปราจีนบุรี,250804,25140,ทุกวัน,8:30:00 AM,8:00:00 PM,352/13 หน้า ม.สวนพฤกษาซิตี้พาร์ค,10,10
308,803798,803798,คลีนิกบ้านหมอรักษ์สัตว์( หมอออย )สูงเนิน,สูงเนิน,อำเภอสูงเนิน,นครราชสีมา,301801,30170,ทุกวัน,9:00:00 AM,7:00:00 PM,50/6 ม.10  ถ.มิตรสัมพันธ์,10,10
296,803814,803814,โรงพยาบาลสัตว์ญาณิชศา,ในเมือง,อำเภอเมืองชัยภูมิ,ชัยภูมิ,360101,36000,"วันจันทร์, วันอังคาร, วันพุธ, วันพฤหัส, วันศุกร์, วันเสาร์",8:30:00 AM,7:00:00 PM,299/204 หมู่บ้านเจริญทรัพย์ ม.7 ถ.ชัยภูมิ-บ้านเขว้า,10,10
159,803839,803839,คลินิกรักษ์สัตว์,สว่างแดนดิน,อำเภอสว่างแดนดิน,สกลนคร,471201,47110,ทุกวัน,8:30:00 AM,6:00:00 AM,ถนนพลานุคุณ,10,10
149,803858,803858,คลินิกรักษาสัตว์ลายัน,เทพกระษัตรี,อำเภอถลาง,ภูเก็ต,830301,83110,ทุกวัน,9:00:00 AM,7:00:00 PM,310/164-165,25,25
311,803872,803872,โรงพยาบาลสัตว์วนิดา เฮ้ลตี้ เพ็ท,ในเมือง,อำเภอเมืองขอนแก่น,ขอนแก่น,400101,40000,ทุกวัน,9:00:00 AM,9:00:00 PM,92/3 ถ.เฉลิมพระเกียรติ,10,10
226,803876,803876,คลินิกสัตว์ เทพกระษัตรี,ศรีสุนทร,อำเภอถลาง,ภูเก็ต,830302,83110,"วันจันทร์, วันอังคาร, วันพฤหัส, วันศุกร์, วันเสาร์, วันอาทิตย์",9:00:00 AM,7:00:00 PM,59/10 ม.5 มบ.ภูเก็ตธานี,10,10
170,803878,803878,ชยางกูรสัตวแพทย์,ในเมือง,อำเภอเมืองอุบลราชธานี,อุบลราชธานี,340101,34000,ทุกวัน,9:00:00 AM,7:00:00 PM,290 ถนนแม่ชี,10,10
225,803888,803888,ร้านศรีเทพรักษาสัตว์,ศรีเทพ,อำเภอศรีเทพ,เพชรบูรณ์,670601,67170,ทุกวัน,10:00:00 AM,6:00:00 PM,"หมู่ที่ 5 119/29 Sa Kruat, Si Thep District, Phetchabun 67170",10,10
322,803913,803913,เอ็ม เอ สัตวแพทย์,บ่อผุด,อำเภอเกาะสมุย,สุราษฎร์ธานี,840406,84320,จันทร์-เสาร์ ,9:00:00 AM,6:00:00 PM,115/109 ม.6,20,20
353,803915,803915,คลินิกรักสัตว์หมอต่อพงศ์,ในเมือง,อำเภอเมืองร้อยเอ็ด,ร้อยเอ็ด,450101,45000,ทุกวัน,5:00:00 PM,8:00:00 PM,64/13 ถ.สุขเกษม,50,50
153,803916,803916,หาดสุรินทร์รักษาสัตว์,เชิงทะเล,อำเภอถลาง,ภูเก็ต,830303,83110,"วันจันทร์, วันอังคาร, วันพุธ, วันพฤหัส, วันศุกร์, วันเสาร์",9:00:00 AM,6:00:00 PM,8/48 ถนน ศรีสุนทร,20,20
292,803933,803933,กิ่งแก้วรักษาสัตว์,ตลาด,อำเภอเมืองมหาสารคาม,มหาสารคาม,440101,44000,ทุกวัน,9:00:00 AM,8:00:00 PM,32/2 ถ.วรบุตร,10,10
220,803952,803952,ศรีโยธินฟาร์มาซี,หนองปลิง,อำเภอเมืองกำแพงเพชร,กำแพงเพชร,620110,62000,ทุกวัน,10:00:00 AM,6:00:00 PM,338/1 ม.7	ต.หนองปลิง	อ.เมืองกำแพงเพชร	จ.กำแพงเพชร	62000,10,10
206,803954,803954,คลินิกหมอขวัญสัตวแพทย์,ตาคลี,อำเภอตาคลี,นครสวรรค์,600701,60140,ทุกวัน,10:00:00 AM,7:00:00 PM,629/4 ถ.พหลโยธิน	ต.ตาคลี	อ.ตาคลี	จ.นครสวรรค์	60140,10,10
132,803957,803957,เกษมสุขรักษาสัตว์,หนองตำลึง,อำเภอพานทอง,ชลบุรี,200502,20160,"วันจันทร์, วันอังคาร, วันพุธ, วันพฤหัส, วันเสาร์, วันอาทิตย์",9:00:00 AM,8:00:00 PM,116/19-20 ม.1 ถ.ศุขประยูร,10,10
323,804114,804114,เอ็ม ที สัตวแพทย์,โพธาราม,อำเภอโพธาราม,ราชบุรี,700701,70120,ทุกวัน,9:00:00 AM,8:00:00 PM,7/18 ถ.ขนานทางรถไฟ,250,250
222,804151,804151,ส.รุ่งเรือง,หนองม่วง,อำเภอหนองม่วง,ลพบุรี,161101,15170,ทุกวัน,10:00:00 AM,6:00:00 PM,"517/8-9, ต.หนองม่วง อ.หนองม่วง จ.ลพบุรี, 15170 15170",10,10
24,804161,804161,คลินิกบ้านรักสัตว์,เมืองพาน,อำเภอพาน,เชียงราย,570513,57120,ทุกวัน,9:00:00 AM,6:00:00 PM,1995 หมู่ 1,10,10
199,804206,804206,เชียงคานรักษาสัตว์,เชียงคาน,อำเภอเชียงคาน,เลย,420301,42110,ทุกวัน,5:00:00 PM,7:00:00 PM,64 ม.1 ถ.ศรีเชียงคาน	ต.เชียงคาน	อ.เชียงคาน	จ.เลย	42110,10,10
118,804241,804241,คลินิกเพ็ญสัตวแพทย์,เพ็ญ,อำเภอเพ็ญ,อุดรธานี,411901,41150,ทุกวัน,10:00:00 AM,8:00:00 PM,4031,10,10
239,804252,804252,หนุ่มอาหารสัตว์ เพ็ทเตอร์ฟาร์ม่า,หันคา,อำเภอหันคา,ชัยนาท,180601,17130,ทุกวัน,10:00:00 AM,5:00:00 PM,423/1 ม.1	ต.หันคา	อ.หันคา	จ.ชัยนาท	17130,20,20
258,804277,804277,คลินิกจันทร์ 9 ตูบรักษาสัตว์,จันทนิมิต,อำเภอเมืองจันทบุรี,จันทบุรี,220107,22000,ทุกวัน,9:00:00 AM,8:00:00 PM,95/16 มบ.มหาราชซิตี้โฮม,20,20
54,804319,804319,พัชรินทร์สัตวแพทย์,หนองแค,อำเภอหนองแค,สระบุรี,190301,18140,"วันจันทร์, วันอังคาร, วันพุธ, วันศุกร์, วันเสาร์, วันอาทิตย์",9:00:00 AM,7:00:00 PM,67/20 ถ.ระพีพัฒน์ฝั่งซ้าย,120,120
286,804334,804334,คลินิกคนรักสัตว์,สีคิ้ว,อำเภอสีคิ้ว,นครราชสีมา,302001,30140,ทุกวัน,9:00:00 AM,8:00:00 PM,223/15-16 ม.2 ถ.ชุมค้า,150,150
253,805628,805628,นานาเพ็ทแคร์รักษาสัตว์(หมอก้อง),จันทนิมิต,อำเภอเมืองจันทบุรี,จันทบุรี,220107,22000,ทุกวัน,9:00:00 AM,8:00:00 PM,23/49 ม.7 ถ.ญาณวิโรจน์,40,40
254,805630,805630,คลินิกแฟมิลี่สัตวแพทย์,นาป่า,อำเภอเมืองชลบุรี,ชลบุรี,200107,20000,ทุกวัน,8:30:00 AM,8:30:00 PM,4/1 ถ.สุขประยูร,120,120
171,805655,805655,โรงพยาบาลสัตว์ต้นภู,หมากแข้ง,อำเภอเมืองอุดรธานี,อุดรธานี,410101,41000,ทุกวัน,9:00:00 AM,7:00:00 PM,76 18-19 ตรงข้ามตึกคอม ถ.อุดรดุษฎี,10,10
347,805675,805675,คลินิกละไมสัตวแพทย์,มะเร็ต,อำเภอเกาะสมุย,สุราษฎร์ธานี,840405,84310,ทุกวัน,9:00:00 AM,7:00:00 PM,127/119 ม.3 ถ.รอบเกาะ,10,10
256,805693,805693,หน้าอำเภอรักษาสัตว์,นาเกลือ,อำเภอบางละมุง,ชลบุรี,200408,20150,ทุกวัน,8:30:00 AM,8:00:00 PM,105/9 ม.2,20,20
318,805755,805755,โรงพยาบาลสัตว์สมายด็อก,เสม็ด,อำเภอเมืองชลบุรี,ชลบุรี,200116,20000,ทุกวัน,9:00:00 AM,8:00:00 PM,19/16 ม.8 ถ.สุขุมวิท,10,10
146,805817,805817,โรงพยาบาลสัตว์สิชล,สิชล,อำเภอสิชล,นครศรีธรรมราช,801401,80120,ทุกวัน,8:30:00 AM,7:30:00 PM,39/2,50,50
295,805840,805840,นำเจริญรักษาสัตว์ ,ในเมือง,อำเภอเมืองขอนแก่น,ขอนแก่น,400101,40000,ทุกวัน,9:00:00 AM,8:00:00 PM,7/10 ถ.รื่นจิตร,10,10
111,805862,805862,คลินิกเมตตารักษา(หมอโต้ง),ในเมือง,อำเภอเมืองสุรินทร์,สุรินทร์,320101,32000,ทุกวัน,9:00:00 AM,7:00:00 PM,"1,3,5,7 ซ.ตาดอก ถนนหลักเมือง",10,10
112,805877,805877,ด็อกพิช,ในเมือง,อำเภอเมืองบุรีรัมย์,บุรีรัมย์,310101,31000,ทุกวัน,8:30:00 AM,8:00:00 PM,39/1-2 ถ.รมย์บุรี,10,10
34,805902,805902,สามัคคีสัตวแพทย์,เวียง,อำเภอเมืองเชียงราย,เชียงราย,570101,57000,ทุกวัน,7:00:00 AM,8:00:00 PM,393/5 ถ.บรรพปราการ,10,10
273,805929,805929,โรงพยาบาลสัตว์แก่นการ,ในเมือง,อำเภอเมืองขอนแก่น,ขอนแก่น,400101,40000,ทุกวัน,8:30:00 AM,8:00:00 PM,90/70 ถ.ชวนชื่น,10,10
326,806121,806121,โรงพยาบาลบ้านสัตว์อารมณ์ดี,คลองกระแชง,อำเภอเมืองเพชรบุรี,เพชรบุรี,760102,76000,เปิดบริการ 24 ชม.,12:00:00 AM,12:00:00 PM,252/15 ถ.ราชดำเนิน,25,25
213,806373,806373,บ้านสัตวแพทย์,ท่าโรง,อำเภอวิเชียรบุรี,เพชรบูรณ์,670501,67130,ทุกวัน,10:00:00 AM,7:00:00 PM,"324 Tha Rong, Wichian Buri District, Phetchabun 67130",120,120
65,806619,806619,เอสแคร์สัตวแพทย์,พนมสารคาม,อำเภอพนมสารคาม,ฉะเชิงเทรา,240603,24120,"วันจันทร์, วันอังคาร, วันพุธ, วันพฤหัส, วันศุกร์, วันอาทิตย์",8:00:00 AM,7:00:00 PM,714/1 ม.1 ถ.พนมพัฒนา,20,20
116,806657,806657,คลินิกบ้านหมอใจดี,มีชัย,อำเภอเมืองหนองคาย,หนองคาย,430102,43000,"วันจันทร์, วันอังคาร, วันพุธ, วันพฤหัส, วันศุกร์, วันเสาร์",9:00:00 AM,7:00:00 PM,176/1,10,10
328,806674,806674,โรงพยาบาลสัตว์แสนรักษ์,ท่าระหัด,อำเภอเมืองสุพรรณบุรี,สุพรรณบุรี,720104,72000,ทุกวัน,8:00:00 AM,10:00:00 PM,"578,580 ถ.มาลัยแมน",100,100
278,806693,806693,โรงพยาบาลสัตว์บ้านหมอต้น,ในเมือง,อำเภอเมืองนครราชสีมา,นครราชสีมา,300101,30000,ทุกวัน,7:00:00 AM,12:00:00 AM,1143/47 ถ.สุรนารายณ์,10,10
231,806740,806740,กุลกานต์สัตวแพทย์,ท่าศาลา,อำเภอท่าศาลา,นครศรีธรรมราช,800801,80160,"วันจันทร์, วันอังคาร, วันพุธ, วันพฤหัส, วันศุกร์, วันเสาร์",9:00:00 AM,6:00:00 PM,12/10-11,10,10
304,806890,806890,ฟ้าหม่นรักษาสัตว์ ,ในเมือง,อำเภอพิมาย,นครราชสีมา,301501,30110,ทุกวัน,9:00:00 AM,7:00:00 PM,141 ม.7 ถ.พิมาย-มิตรภาพ,10,10
210,806914,806914,บดินทร์สัตวแพทย์,หัวรอ,อำเภอเมืองพิษณุโลก,พิษณุโลก,650111,65000,ทุกวัน,10:00:00 AM,7:00:00 PM,"281/45 ม.5 ถ เอกาทศรฐ Hua Ro, Mueang Phitsanulok District, Phitsanulok 65000",10,10
312,806985,806985,บัวใหญ่รักษ์สัตว์,บัวใหญ่,อำเภอบัวใหญ่,นครราชสีมา,301201,30120,ทุกวัน,8:30:00 AM,6:00:00 PM,308-310 ถ.รถไฟ 1,20,20
28,806987,806987,โรงพยาบาลสัตว์ไตรรัตน์เอื้ออาทร,ในเมือง,อำเภอเมืองลำพูน,ลำพูน,510101,51000,"วันจันทร์, วันอังคาร, วันพุธ, วันพฤหัส, วันศุกร์, วันเสาร์",9:00:00 AM,8:00:00 PM,7/3,10,10
216,807033,807033,โรงพยาบาลสัตว์พลพิชัย,หาดใหญ่,อำเภอหาดใหญ่,สงขลา,901101,90110,ทุกวัน,8:30:00 AM,12:00:00 AM,69/5-7 ถนน พลพิชัย,10,10
121,807085,807085,โรงพยาบาลน่านรักษ์สัตว์,ในเวียง,อำเภอเมืองน่าน,น่าน,550101,55000,"วันจันทร์, วันอังคาร, วันพุธ, วันพฤหัส, วันศุกร์, วันเสาร์",9:00:00 AM,8:00:00 PM,47/7,10,10
316,807119,807119,คลินิกเพื่อนสัตว์เลี้ยง หมอฟ้า,เมืองปัก,อำเภอปักธงชัย,นครราชสีมา,301401,30150,"วันจันทร์, วันอังคาร, วันพุธ, วันพฤหัส, วันศุกร์, วันเสาร์",8:30:00 AM,7:00:00 PM,333/3 อาคารเอกชัย หมู่17 ถ. สืบศิริ,10,10
115,807152,807152,คลินิกรักสัตว์หมอเจี๊ยบ,แสนสุข,อำเภอวารินชำราบ,อุบลราชธานี,341518,34190,"วันอังคาร, วันพุธ, วันพฤหัส, วันศุกร์, วันเสาร์, วันอาทิตย์",9:00:00 AM,6:00:00 PM,216 ถนนสถลมาร์ค,10,10
19,807191,807191,คลีนิกหมอวุดรักษาสัตว์,ในเวียง,อำเภอเมืองน่าน,น่าน,550101,55000,ทุกวัน,8:30:00 AM,8:00:00 PM,106/12 ถนนสุมนเทวราช,20,20
214,807221,807221,ปันสุขรักษาสัตว์,ท่าทอง,อำเภอเมืองพิษณุโลก,พิษณุโลก,650105,65000,ทุกวัน,10:00:00 AM,7:00:00 PM,209/4 ม.1 ต.ท่าทอง เมืองพิษณุโลก Phitsanulok 65000,10,10
183,807258,807258,โรงพยาบาลสัตว์ชัยมงคล,หอรัตนไชย,อำเภอพระนครศรีอยุธยา,พระนครศรีอยุธยา,140103,13000,ทุกวัน,8:30:00 AM,8:30:00 PM,3477,120,120
30,807282,807282,บ้านสี่ขารักษาสัตว์,หนองผึ้ง,อำเภอสารภี,เชียงใหม่,501907,50140,ทุกวัน,9:00:00 AM,8:00:00 PM,795 ถนน เชียงใหม่-ลำพูน,20,20
224,807287,807287,นนทรีสัตวแพทย์,ปากแพรก,อำเภอทุ่งสง,นครศรีธรรมราช,800901,80110,"วันจันทร์, วันอังคาร, วันพุธ, วันพฤหัส, วันศุกร์, วันเสาร์",8:00:00 AM,7:00:00 PM,16 ถ.เวชพฤกษ์พิทักษ์,10,10
57,807292,807292,โรงพยาบาลสัตว์อโยธยา,คลองสวนพลู,อำเภอพระนครศรีอยุธยา,พระนครศรีอยุธยา,140117,13000,ทุกวัน,9:00:00 AM,8:00:00 PM,158/14 หมู่ 3,10,10
193,807299,807299,คลินิกรักษาสัตว์หมอลุ้ย,วิหารแดง,อำเภอวิหารแดง,สระบุรี,190404,18150,"วันจันทร์, วันอังคาร, วันพฤหัส, วันศุกร์, วันเสาร์, วันอาทิตย์",9:00:00 AM,8:00:00 PM,หน้าศาลเจ้าพ่อแดง 483 ม.1,40,40
36,807307,807307,คลินิกรักษาสัตว์แสนดี,ห้วยอ้อ,อำเภอลอง,แพร่,540301,54150,"วันจันทร์, วันอังคาร, วันพุธ, วันพฤหัส, วันศุกร์, วันเสาร์",9:00:00 AM,7:00:00 PM,64,10,10
476,807359,807359,โรงพยาบาลสัตว์หมอเกษตร ,กระทุ่มล้ม,อำเภอสามพราน,นครปฐม,730610,73220,ทุกวัน,6:00:00 AM,24:00:00 AM,156/15 ถ.พุทธมณฑลสาย 4,25,25
129,807365,807365,โรงพยาบาลสัตว์เล็ก 101,ในเมือง,อำเภอเมืองร้อยเอ็ด,ร้อยเอ็ด,450101,45000,ทุกวัน,8:00:00 AM,8:00:00 PM,วงเวียนห้าแยกสายน้ำผึ้ง,10,10
252,807383,807383,โรงพยาบาลสัตว์บ้านฉางพลา,บ้านฉาง,อำเภอบ้านฉาง,ระยอง,210203,21130,ทุกวัน,8:00:00 AM,8:00:00 PM,174/9 ม.3 ถ.บ้านฉางพลา-บูรพาพัฒน์,100,100
329,807423,807423,โรงพยาบาลสัตว์รักษ์นนทรี,แก่งเสี้ยน,อำเภอเมืองกาญจนบุรี,กาญจนบุรี,710105,71000,ทุกวัน,8:30:00 AM,8:00:00 PM,45/13 ม.8,10,10
141,807451,807451,ทุ่งสงโภคภัณฑ์,ชะมาย,อำเภอทุ่งสง,นครศรีธรรมราช,800902,80110,ทุกวัน,8:00:00 AM,6:00:00 PM,"209,209/1",500,500
176,807453,807453,บอลสัตวแพทย์,เหนือคลอง,อำเภอเหนือคลอง,กระบี่,810801,81130,ทุกวัน,8:00:00 AM,6:30:00 PM,925/3 ถ.เพชรเกษม,25,25
327,807464,807464,โรงพยาบาลสัตว์เมืองเพ็ชร,คลองกระแชง,อำเภอเมืองเพชรบุรี,เพชรบุรี,760102,76000,ทุกวัน (ปิดวันอังคาร),9:00:00 AM,8:00:00 PM,125/18 ถ.ราชดำเนิน,20,20
272,807473,807473,คลินิกเอออร์ตารักษาสัตว์,ในเมือง,อำเภอเมืองขอนแก่น,ขอนแก่น,400101,40000,ทุกวัน,10:00:00 AM,9:00:00 PM,148/63 ซ.1 ม.14  ถ.อดุลยาราม,10,10
330,807494,807494,โรงพยาบาลสัตว์ปฐมพร,วังไผ่,อำเภอเมืองชุมพร,ชุมพร,860110,86000,ทุกวัน,9:00:00 AM,7:00:00 PM,เลขที่ 4,20,20
249,807516,807516,โรงพยาบาลสัตว์เมืองตราด,วังกระแจะ,อำเภอเมืองตราด,ตราด,230107,23000,"วันจันทร์, วันอังคาร, วันพุธ, วันพฤหัส, วันศุกร์, วันเสาร์",8:00:00 AM,6:00:00 PM,125/1 ม.2,100,100
265,807527-1,807527,บ่อทองสัตวแพทย์,บ่อทอง,อำเภอบ่อทอง,ชลบุรี,201001,20270,ทุกวัน,8:30:00 AM,7:00:00 PM,45 ซ.เทศบาล 10,10,
266,807527-2,807527,โรงพยาบาลสัตว์ The Legend,บ้านบึง,อำเภอบ้านบึง,ชลบุรี,200201,20170,ทุกวัน,9:00:00 AM,10:00:00 PM,88/28-30 ถ.ชลบุรี-บ้านบึง,0,10
18,807542,807542,ช่อผกาสัตวแพทย์,หย่วน,อำเภอเชียงคำ,พะเยา,560301,56110,ทุกวัน,8:00:00 AM,8:00:00 PM,465/3 หมู่ 4 ถนนพะเยา-เชียงคำ,20,20
396,807544,807544,โรงพยาบาลสัตว์สาคร,มหาชัย,อำเภอเมืองสมุทรสาคร,สมุทรสาคร,740101,74000,ทุกวัน,9:00:00 AM,9:00:00 PM,920/243-244,10,10
122,807552,807552,บ้านหมอรักสัตว์ (ร.พ.บ้านหมอรักสัตว์),ฟ้าฮ่าม,อำเภอเมืองเชียงใหม่,เชียงใหม่,500114,50000,ทุกวัน,9:00:00 AM,7:00:00 PM,14/1 หมู่ 5,10,10
223,807632,807632,คลินิกร่อนพิบูลย์สัตวแพทย์,ร่อนพิบูลย์,อำเภอร่อนพิบูลย์,นครศรีธรรมราช,801301,80130,"วันจันทร์, วันอังคาร, วันพฤหัส, วันศุกร์, วันเสาร์, วันอาทิตย์",8:30:00 AM,7:00:00 PM,613/11 ม.3,10,10
180,807655,807655,กิ๊ฟ มี ด๊อก สัตวแพทย์,แก่งคอย,อำเภอแก่งคอย,สระบุรี,190201,18110,"วันจันทร์, วันพุธ, วันศุกร์, วันอาทิตย์",8:00:00 AM,7:00:00 PM,ถนน สุดบรรทัด,120,120
200,807673,807673,เพนนีสัตวแพทย์,ท่าอิฐ,อำเภอเมืองอุตรดิตถ์,อุตรดิตถ์,530101,53000,"วันจันทร์, วันอังคาร, วันพฤหัส, วันศุกร์, วันเสาร์, วันอาทิตย์",10:00:00 AM,7:00:00 PM,246/7 ถ.บรมอาสน์	ต.ท่าอิฐ	อ.เมือง	จ.อุตรดิตถ์	53000,40,40
345,807758,807758,โรงพยาบาลสัตว์ตาลเดี่ยว,หัวหิน,อำเภอหัวหิน,ประจวบคีรีขันธ์,770701,77110,ทุกวัน,9:00:00 AM,9:00:00 PM,42/7 ซอยหมู่บ้านเขาน้อย,20,20
241,807788,807788,คลินิกหมอชินแฮปปี้เพ็ท,หนองไผ่,อำเภอหนองไผ่,เพชรบูรณ์,670710,67140,ทุกวัน,10:00:00 AM,6:00:00 PM,375 ม.5	ต.หนองไผ่	อ.หนองไผ่	จ.เพชรบูรณ์	67140,20,20
102,807812,807812,ร้านปศุสัตว์นครพนม,ในเมือง,อำเภอเมืองนครพนม,นครพนม,480101,48000,"วันจันทร์, วันอังคาร, วันพุธ, วันพฤหัส, วันศุกร์",8:30:00 AM,4:30:00 PM,ถนนกลางเมือง,40,40
22,807908,807908,คลินิกบ้านรักสัตว์เกาะคา,ศาลา,อำเภอเกาะคา,ลำปาง,520305,52130,ทุกวัน,9:00:00 AM,6:30:00 PM,286/1 หมู่ 3,20,20
336,807922,807922,สุวรรณพฤกษ์สัตวแพทย์,วังก์พง,อำเภอปราณบุรี,ประจวบคีรีขันธ์,770608,77120,ทุกวัน,9:00:00 AM,9:00:00 PM,282/8 ม.2 ถ.เพชรเกษม,10,10
126,807950,807950,โรงพยาบาลสัตว์เชียงใหม่,สันกลาง,อำเภอสันกำแพง,เชียงใหม่,501313,50130,ทุกวัน,8:00:00 AM,9:00:00 PM,29/5-6 หมู่ 6,10,10
163,807978,807978,ท่าบ่อสัตวแพทย์,น้ำโมง,อำเภอท่าบ่อ,หนองคาย,430202,43110,ทุกวัน,9:00:00 AM,7:00:00 PM,211,40,40
245,807990,807990,สองทะเลสัตวแพทย์,เขารูปช้าง,อำเภอเมืองสงขลา,สงขลา,900102,90000,ทุกวัน,8:00:00 AM,12:00:00 AM,145/27 ถนนสามสิบเมตร-ท่าสะอ้าน ม.8,10,10
201,808011,808011,เอแอนพีรักษาสัตว์,ในเมือง,อำเภอเมืองกำแพงเพชร,กำแพงเพชร,620101,62000,ทุกวัน,10:00:00 AM,7:00:00 PM,3  ถ.บำรุงราษร์	ต.ในเมือง	อ.เมือง	จ.กำแพงเพชร	62000,20,20
128,808140,808140,เกษมสุขสัตวแพทย์,สังขะ,อำเภอสังขะ,สุรินทร์,321001,32150,"วันอังคาร, วันพุธ, วันพฤหัส, วันศุกร์, วันเสาร์, วันอาทิตย์",9:00:00 AM,7:00:00 PM,783,40,40
306,808159,808159,โรงพยาบาลสัตว์เอื้ออารีย์ ,ในเมือง,อำเภอเมืองขอนแก่น,ขอนแก่น,400101,40000,ทุกวัน,9:00:00 AM,8:00:00 PM,120/16 ม.2 ถ.รอบบึงแก่นนคร,20,20
228,808201,808201,คลินิกหมอแป๋งรักษาสัตว์,คอหงส์,อำเภอหาดใหญ่,สงขลา,901104,90110,"วันจันทร์, วันอังคาร, วันพุธ, วันพฤหัส, วันศุกร์, วันเสาร์",9:00:00 AM,7:00:00 PM,229 ม.1,10,10
64,809039,809039,บูรพาสัตวแพทย์,บางวัว,อำเภอบางปะกง,ฉะเชิงเทรา,240403,24180,"วันอังคาร, วันพุธ, วันพฤหัส, วันศุกร์, วันเสาร์, วันอาทิตย์",9:00:00 AM,7:30:00 PM,100/6 ม.14 ถ.จรัญยานนท์,25,25
309,810131,810131,โรงพยาบาลสัตว์หมอแอน,ตลาด,อำเภอเมืองมหาสารคาม,มหาสารคาม,440101,44000,ทุกวัน,9:00:00 AM,8:00:00 PM,146 12 ถ. ถีนานนท์,10,10
166,810253,810253,วีเพ็ทรักษาสัตว์,กังแอน,อำเภอปราสาท,สุรินทร์,320501,32140,ทุกวัน,9:00:00 AM,6:30:00 PM,ถนนสุรินทร์-ช่องจอม,15,15
338,810286,810286,คลินิกปิยภัชสัตวแพทย์,บ้านโป่ง,อำเภอบ้านโป่ง,ราชบุรี,700501,70110,ทุกวัน,10:00:00 AM,8:00:00 PM,เลขที่ 99 ถ.บ้านปากแรต,20,20
84,810408,810408,สี่ขาคลินิก,หน้าเมือง,อำเภอเมืองฉะเชิงเทรา,ฉะเชิงเทรา,240101,24000,ทุกวัน,9:00:00 AM,8:00:00 PM,191/1-2 ซ.มหาจักรพรรดิ์9/1 ถ.มหาจักรพรรดิ์,25,25
237,810544,810544,สุพจน์สัตวแพทย์,ในเมือง,อำเภอเมืองพิษณุโลก,พิษณุโลก,650101,65000,ทุกวัน,10:00:00 AM,7:00:00 PM,78/14 ถนน ศรีธรรมไตรปิฏก ตำบล ในเมือง อำเภอเมืองพิษณุโลก พิษณุโลก 65000,10,10
208,810606,810606,หมอป๋องยาสัตว์,ท่าศาลา,อำเภอเมืองลพบุรี,ลพบุรี,160115,15000,ทุกวัน,7:00:00 AM,5:00:00 PM,"256/9 Phahonyothin Road, Tha Sala, Mueang Lop Buri District, Lopburi 15000",10,10
320,810613,810613,พัทยาสัตวแพทย์,นาเกลือ,อำเภอบางละมุง,ชลบุรี,200408,20150,ทุกวัน,9:00:00 AM,8:00:00 PM,157/15 ม.5 ถ.พัทยา-นาเกลือ,10,10
298,810620,810620,ขอนแก่นปลาตู้เพ็ทมาร์ท ,ในเมือง,อำเภอเมืองขอนแก่น,ขอนแก่น,400101,40000,ทุกวัน,9:00:00 AM,8:00:00 PM,699 ถ.กลางเมือง,20,20
212,810636,810636,นารายณ์สัตวแพทย์,ทะเลชุบศร,อำเภอเมืองลพบุรี,ลพบุรี,160101,15000,ทุกวัน,10:00:00 AM,6:00:00 PM,155 ถ.นารายณ์มหาราช	ต.ทะเลชุบศร	อ.เมือง	จ.ลพบุรี	15000,10,10
317,810680,810680,อมรสัตวแพทย์,ในเมือง,อำเภอเมืองขอนแก่น,ขอนแก่น,400101,40000,ทุกวัน,9:00:00 AM,7:00:00 PM,624/2 ถ.หน้าเมือง,10,10
279,810753,810753,โรงพยาบาลสัตว์ปราจีนบุรี,หน้าเมือง,อำเภอเมืองปราจีนบุรี,ปราจีนบุรี,250101,25000,ทุกวัน,8:00:00 AM,8:00:00 PM,163/2-3 ถ.ราษฎรดำริ,10,10
262,810767,810767,โรงพยาบาลสัตว์เมืองใหม่,เสม็ด,อำเภอเมืองชลบุรี,ชลบุรี,200116,20000,ทุกวัน,8:30:00 AM,8:30:00 PM,111/3-5 ม.1 ถ.พระยาสัจจา,10,10
277,811400,811400,โรงพยาบาลสัตว์นริศรา สัตวแพทย์,สีคิ้ว,อำเภอสีคิ้ว,นครราชสีมา,302001,30140,ทุกวัน,8:00:00 AM,7:00:00 PM,413/3-4 ถ.สีคิ้ว-ชัยภูมิ,20,20
314,811566,811566,สมเกียรติสัตวแพทย์ ,หัวทะเล,อำเภอเมืองนครราชสีมา,นครราชสีมา,300111,30000,"วันจันทร์, วันอังคาร, วันพฤหัส, วันศุกร์, วันเสาร์, วันอาทิตย์",8:30:00 AM,8:00:00 PM,848/3 ม.4,25,25
14,812094,812094,โรงพยาบาลสัตว์นครินทร์,แขวงพัฒนาการ,เขตสวนหลวง,กรุงเทพมหานคร,103403,10250,ทุกวัน,9:00:00 AM,8:00:00 PM,2365 ซอย พัฒนาการ 49,60,60
383,812125,812125,K.U. Garden,แขวงบางแคเหนือ,เขตบางแค,กรุงเทพมหานคร,104002,10160,ทุกวัน,9:00:00 AM,6:30:00 PM,1535 ถนนกาญจาภิเษก,180,180
422,812167,812167,โรงพยาบาลสัตว์ด็อกเตอร์เพ็ท,แขวงบางขุนศรี,เขตบางกอกน้อย,กรุงเทพมหานคร,102007,10700,ทุกวัน,9:00:00 AM,9:00:00 AM,"447, 28-29 ถ. จรัญสนิทวงศ์ แขวงบางขุนศรี",100,100
477,812170,812170,โรงพยาบาลสัตว์มหานคร,แขวงวัดท่าพระ,เขตบางกอกใหญ่,กรุงเทพมหานคร,101602,10600,ทุกวัน,0:00:00 AM,11:59:59 PM,2/16-17 ถ.เพชรเกษม,40,40
61,812177,812177,พหลโยธิน48รักษาสัตว์,แขวงอนุสาวรีย์,เขตบางเขน,กรุงเทพมหานคร,100502,10220,ทุกวัน,9:00:00 AM,9:00:00 PM,9/174-176 ซอยพหลโยธิน48 ถนนพหลโยธิน,120,120
191,812204,812204,พัฒนเวศม์รักษาสัตว์,แขวงพระโขนงเหนือ,เขตวัฒนา,กรุงเทพมหานคร,103903,10110,ทุกวัน,10:30:00 AM,8:00:00 PM,537/33 ถ.สุขุมวิท 71,10,10
431,812219-1,812219,โรงพยาบาลสัตว์รัตนาธิเบศร์ สาขาพระนั่งเกล้า,ไทรม้า,อำเภอเมืองนนทบุรี,นนทบุรี,120109,11000,ทุกวัน,12:00:00 AM,12:00:00 AM,35/10,100,
432,812219-2,812219,โรงพยาบาลสัตว์รัตนาธิเบศร์ สาขาแคราย,ตลาดขวัญ,อำเภอเมืองนนทบุรี,นนทบุรี,120102,11000,ทุกวัน,12:00:00 AM,12:00:00 AM,47ถ.ติวานนท์,0,
433,812219-3,812219,โรงพยาบาลสัตว์รัตนาธิเบศร์ 2 สาขาบางบัวทอง,บางรักพัฒนา,อำเภอบางบัวทอง,นนทบุรี,120408,11110,ทุกวัน,12:00:00 AM,12:00:00 AM,29-30 ถ. บางกรวย - ไทรน้อย,,
434,812219-4,812219,โรงพยาบาลสัตว์รัตนาธิเบศร์ สาขาราชพฤกษ์,อ้อมเกร็ด,อำเภอปากเกร็ด,นนทบุรี,120609,11120,ทุกวัน,12:00:00 AM,12:00:00 AM,55/43-45 หมู่1 ถ. ราชพฤกษ์,0,
435,812219-5,812219,โรงพยาบาลสัตว์รัตนาธิเบศร์ สาขาปทุมธานี ,บางปรอก,อำเภอเมืองปทุมธานี,ปทุมธานี,130101,12000,ทุกวัน,12:00:00 AM,12:00:00 AM,20/52,0,
436,812219-6,812219,โรงพยาบาลสัตว์รัตนาธิเบศร์ สาขาเกษตรนวมินทร์,แขวงลาดพร้าว,เขตลาดพร้าว,กรุงเทพมหานคร,103801,10230,ทุกวัน,12:00:00 AM,12:00:00 AM,464 ถ. สุคนธสวัสดิ์,0,
437,812219-7,812219,โรงพยาบาลสัตว์รัตนาธิเบศร์ สาขาภูเก็ต,วิชิต,อำเภอเมืองภูเก็ต,ภูเก็ต,830105,83000,ทุกวัน,12:00:00 AM,12:00:00 AM,64/189 หมู่ 1 ถนนเจ้าฟ้าตะวันออก,0,
438,812219-8,812219,โรงพยาบาลสัตว์รัตนาธิเบศร์ สาขาสุราษฎร์ธานี ,มะขามเตี้ย,อำเภอเมืองสุราษฎร์ธานี,สุราษฎร์ธานี,840102,84000,ทุกวัน,12:00:00 AM,12:00:00 AM,142/224 หมู่ 1 ถนนปทุมพร,0,100
352,812243,812243,โรงพยาบาลเล็ก คณะสัตวแพทยศาสตร์ จุฬาฯ,แขวงวังใหม่,เขตปทุมวัน,กรุงเทพมหานคร,100702,10330,ทุกวัน,8:00:00 AM,17:00:00 PM,39 ถ. อังรีดูนังต์,20,20
429,812270-1,812270,โรงพยาบาลสัตว์เมืองเอก สาขาเมืองเอก,ลำลูกกา,อำเภอลำลูกกา,ปทุมธานี,130604,12150,ทุกวัน,12:00:00 AM,12:00:00 AM,300/154-157 ซอยพหลโยธิน 87 ปากทางเข้าหมู่บ้านเมืองเอก (มหาวิทยาลัยรังสิต),20,
430,812270-2,812270,โรงพยาบาลสัตว์เมืองเอก สาขาพัทยา,นาเกลือ,อำเภอบางละมุง,ชลบุรี,200408,20150,ทุกวัน,12:00:00 AM,12:00:00 AM,44 57 หมู่ที่ 11 ถ. สุขุมวิท,0,20
399,812392,812392,คลีนิคสัตว์ลาดหญ้า,แขวงสมเด็จเจ้าพระยา,เขตคลองสาน,กรุงเทพมหานคร,101801,10600,ทุกวัน,9:00:00 AM,8:00:00 PM,300 ถนน อิสรภาพ,10,10
188,812415,812415,คลินิกบ้านรักษ์สัตว์,แขวงลาดพร้าว,เขตลาดพร้าว,กรุงเทพมหานคร,103801,10230,"วันจันทร์, วันอังคาร, วันพุธ, วันพฤหัส, วันศุกร์, วันเสาร์",10:00:00 AM,7:00:00 PM,4/43-44  ถนนโชคชัย4,10,10
50,812421,812421,สายัณห์สัตวแพทย์,ปากเกร็ด,อำเภอปากเกร็ด,นนทบุรี,120601,11120,ทุกวัน,10:00:00 AM,6:00:00 PM,33/2,20,20
4,812477,812477,โรงพยาบาลสัตว์รามคำแหง60,แขวงหัวหมาก,เขตบางกะปิ,กรุงเทพมหานคร,100608,10240,ทุกวัน,9:00:00 AM,8:00:00 PM,16-16/1 ถนน ราคำแหง ชอย รามคำแหง60,150,150
74,812534,812534,วชิรธรรม 57 สัตวแพทย์,แขวงบางจาก,เขตพระโขนง,กรุงเทพมหานคร,100905,10260,ทุกวัน,9:00:00 AM,9:00:00 PM,1293/42 วชิรธรรมสาธิต 57 สุขุมวิท 101/1,150,150
47,812552,812552,โรงพยาบาลสัตว์เอส.โอ.เอส,แขวงตลาดบางเขน,เขตหลักสี่,กรุงเทพมหานคร,104102,10210,ทุกวัน,8:00:00 AM,8:00:00 PM,21/1 ซ.วิภาวดี60 ถ.วิภาวดี-รังสิต,15,15
140,812602,812602,รวมโชคสัตวแพทย์,แขวงลาดพร้าว,เขตลาดพร้าว,กรุงเทพมหานคร,103801,10230,ทุกวัน,9:30:00 AM,8:30:00 PM,118 หมู่บ้านรวมโชค ซ.โชคชัย4(54) ถ.โชคชัย4,10,10
8,812673,812673,บ้านหนูตูบรักษาสัตว์,แขวงนวมินทร์,เขตบึงกุ่ม,กรุงเทพมหานคร,102704,10240,"ทุกวัน, วันจันทร์, วันอังคาร, วันพุธ, วันพฤหัส, วันเสาร์, วันอาทิตย์",9:30:00 AM,7:30:00 PM,97/365 ถนนโพธิ์แก้ว,10,10
55,812783,812783,โรงพยาบาลบ้านสัตว์อารมณ์ดี,บางเดื่อ,อำเภอเมืองปทุมธานี,ปทุมธานี,130109,12000,ทุกวัน,9:00:00 AM,8:00:00 PM,164-166 ม.6 ถนนกรุงเทพ-ปทุมธานี,25,25
184,812805,812805,คุ้มเกล้ารักษาสัตว์,แขวงมีนบุรี,เขตมีนบุรี,กรุงเทพมหานคร,101001,10510,ทุกวัน,9:00:00 AM,7:00:00 PM,83/3 หมู่บ้านโกลเด้นเฮ้าส์ ถ.คุ้มเกล้า,10,10
189,812822,812822,โรงพยาบาลสัตว์เลี้ยงพรีเมียร์ Premier Pet Hospital,แขวงดอกไม้,เขตประเวศ,กรุงเทพมหานคร,103203,10250,ทุกวัน,9:00:00 AM,9:00:00 PM,121 ถ.เฉลิมพระเกียรติ ร.9,10,10
147,812852,812852,คลินิก,แขวงคลองถนน,เขตสายไหม,กรุงเทพมหานคร,104203,10220,"วันจันทร์, วันอังคาร, วันพุธ, วันพฤหัส, วันเสาร์",9:30:00 AM,7:05:00 PM,99/126,10,10
59,812871,812871,คลินิคบ้านรักษ์สัตว์,แขวงดอนเมือง,เขตดอนเมือง,กรุงเทพมหานคร,103604,10210,ทุกวัน,10:00:00 AM,6:00:00 PM,835/1 ถนนสรงประภา,10,10
68,812924,812924,โรงพยาบาลสัตว์เศรษฐสิริ,ท่าทราย,อำเภอเมืองนนทบุรี,นนทบุรี,120105,11000,ทุกวัน,9:00:00 AM,8:00:00 PM,335/20 ถ.สนามบินน้ำ,20,20
138,812926,812926,เพ็ทแอทโฮมรักษาสัตว์,แขวงวังทองหลาง,เขตวังทองหลาง,กรุงเทพมหานคร,104501,10310,ทุกวัน,10:00:00 AM,8:00:00 PM,1518 ถนนลาดพร้าว,10,10
177,812929,812929,คลินิก ซ.20 รักษาสัตว์,บางเมืองใหม่,อำเภอเมืองสมุทรปราการ,สมุทรปราการ,110114,10270,"วันจันทร์, วันอังคาร, วันพฤหัส, วันศุกร์, วันเสาร์, วันอาทิตย์",10:00:00 AM,8:00:00 PM,80/360 ม.ทิพวัล ซ.ทิพวัล 20 ถ.เทพารักษ์,15,15
472,812955,812955,pet home บางบัวทอง,พิมลราช,อำเภอบางบัวทอง,นนทบุรี,120407,11110,ทุกวัน,10:00:00 AM,7:00:00 PM,69/27 ม.1 ซ.เทศบาล 2,20,20
83,812967,812967,คลินิกศรีวินชญารักษาสัตว์,แขวงสายไหม,เขตสายไหม,กรุงเทพมหานคร,104201,10220,ทุกวัน,8:00:00 AM,8:00:00 PM,59 ม.1 สายไหม 55,10,10
190,812974,812974,โรงพยาบาลสัตว์เฟิร์สแคร์,แขวงดินแดง,เขตดินแดง,กรุงเทพมหานคร,102601,10400,ทุกวัน,10:00:00 AM,9:00:00 PM,228-230 ซ.ประชาสงเคราะห์ 45 ถ.ประชาสงเคราะห์,10,10
43,812993-1,812993,บางแก้วรักษาสัตว์,บางแก้ว,อำเภอบางพลี,สมุทรปราการ,110302,10540,ทุกวัน,9:00:00 AM,8:00:00 PM,58/16 หมู่ 1,10,
44,812993-2,812993,3Vet pet clinic,บางแก้ว,อำเภอบางพลี,สมุทรปราการ,110302,10540,ทุกวัน,9:00:00 AM,8:00:00 PM,168/11 หมู่ 8,10,20
81,813002,813002,คลินิกบ้านรักษ์สัตว์,แขวงสะพานสูง,เขตสะพานสูง,กรุงเทพมหานคร,104401,10240,"วันอังคาร, วันพุธ, วันพฤหัส, วันศุกร์, วันเสาร์, วันอาทิตย์",10:00:00 AM,8:00:00 PM,164/24 รามคำแหง 112,10,10
143,813009,813009,โรงพยาบาลสัตว์มิสเตอร์เพ็ท,บางพลีใหญ่,อำเภอบางพลี,สมุทรปราการ,110301,10540,ทุกวัน,8:00:00 AM,9:00:00 PM,36/51 ม.7 ถ.บางพลี-กิ่งแก้ว,10,10
48,813029,813029,โรงพยาบาลสัตว์บางกอกรัชดา,แขวงสามเสนนอก,เขตห้วยขวาง,กรุงเทพมหานคร,101704,10310,ทุกวัน,12:00:00 AM,12:00:00 AM,279/8 ถนนสุทธิสาร,120,120
139,813033,813033,โรงพยาบาลสัตว์สายไหม,แขวงออเงิน,เขตสายไหม,กรุงเทพมหานคร,104202,10220,ทุกวัน,8:00:00 AM,8:00:00 PM,42/4 สุขาภิบาล 5-86,40,40
60,813050,813050,คลินิกนภารักษาสัตว์,คูคต,อำเภอลำลูกกา,ปทุมธานี,130601,12130,ทุกวัน,9:00:00 AM,7:30:00 PM,600/9 หมู่บ้านสีวลี,10,10
420,813118,813118,บ้านเย็นใจ คลีนิกรักษาสัตว์,แขวงศาลาธรรมสพน์,เขตทวีวัฒนา,กรุงเทพมหานคร,104802,10170,ทุกวัน,10:00:00 AM,8:00:00 PM,42/29 ถ.บรมราชชนนี,10,10
85,813121,813121,สาวิตรี สัตวแพทย์,แขวงคันนายาว,เขตคันนายาว,กรุงเทพมหานคร,104301,10230,ทุกวัน,9:00:00 AM,8:00:00 PM,40 ถนนสวนสยาม เสรีไทย,10,10
185,813183,813183,โรงพยาบาลสัตว์เพ็ทแลนด์ ,แขวงอนุสาวรีย์,เขตบางเขน,กรุงเทพมหานคร,100502,10220,ทุกวัน,9:00:00 AM,8:00:00 PM,เลขที่ 26 ซ.รามอินทรา 31 ถ.รามอินทรา,10,10
380,813188-1,813188,เมล็ดข้าวเพ็ทช้อป สาขาพาราไดซ์,แขวงหนองบอน,เขตประเวศ,กรุงเทพมหานคร,103202,10250,ทุกวัน,12:00:00 PM,8:00:00 PM,61 ถ.ศรีนครินทร์,150,
381,813188-2,813188,Maletkhao Petshop,แขวงหนองบอน,เขตประเวศ,กรุงเทพมหานคร,103202,10250,ทุกวัน,12:00:00 PM,8:00:00 PM,61 ถ.ศรีนครินทร์,0,
382,813188-3,813188,เมล็ดข้าวเพ็ทช้อป (สาขาอุดมสุข),แขวงบางจาก,เขตพระโขนง,กรุงเทพมหานคร,100905,10260,ทุกวัน,8:30:00 AM,7:00:00 PM,571 ระหว่างซอยอุดมสุข 31 กับ 33 ถ.สุขุมวิท 103,0,150
88,813233-1,813233,PETClub - Att U Park Bangna,ราชาเทวะ,อำเภอบางพลี,สมุทรปราการ,110308,10540,ทุกวัน,10:00:00 AM,8:30:00 PM,"888/8 หมู่ 1 โครงการ แอท ยู พาร์ค สุวรรณภูมิ อาคารเอช ห้องเลขที่ 101,201",40,
89,813233-2,813233,PETClub Mega,บางแก้ว,อำเภอบางพลี,สมุทรปราการ,110302,10540,ทุกวัน,10:00:00 AM,8:30:00 PM,"Unit #0902 38, 38/1-3 ทางคู่ขนานถนนบางนา-ตราด",0,
90,813233-3,813233,PETClub Seacon Square ศรีนครินทร์,แขวงหนองบอน,เขตประเวศ,กรุงเทพมหานคร,103202,10250,ทุกวัน,10:00:00 AM,8:30:00 PM,55 ศูนย์การค้าซีคอนสแควร์ ห้องบี 0044- บี 0047 ถ.ศรีนครินทร์,0,
91,813233-4,813233,PETClub The Promenade,แขวงคันนายาว,เขตคันนายาว,กรุงเทพมหานคร,104301,10230,ทุกวัน,10:00:00 AM,8:30:00 PM,589/7-9 อาคารศูนย์การค้าเดอะพรอมานาด ชั้นที่ 1 ห้องเลขที่ พี-1054 1055 ถ.รามอินทรา,0,
92,813233-5,813233,PETClub สาขาพัฒนาการ,แขวงสวนหลวง,เขตสวนหลวง,กรุงเทพมหานคร,103401,10250,ทุกวัน,10:00:00 AM,8:00:00 PM,1144/2-3 หมู่บ้านปัญญา (ริมถนนหน้าซอยพัฒนาการ 30),0,
93,813233-6,813233,PETClub ladprao,แขวงคลองเจ้าคุณสิงห์,เขตวังทองหลาง,กรุงเทพมหานคร,104503,10310,ทุกวัน,10:00:00 AM,8:30:00 PM,779 ลาดพร้าว 101,0,40
,813547-1,813547,All about pet สาขาจุฬา,แขวงวังใหม่,เขตปทุมวัน,กรุงเทพมหานคร,100702,10330,ทุกวัน,8:00:00 AM,4:00:00 PM,ตึกคณะสัตวแพทย์ศาสตร์ ถนนอังรีดูนังค์ หจก.ออล อะเบาท์เพ็ทสาขาโรงพยาบาลสัตวเล็กจุฬา เลขที่39 แขวงวังใหม่ เขตปทุมวัน กรุงเทพมหานคร 10330,,
,813547-2,813547,All about petสาขาเอกมัย,แขวงพระโขนง,เขตคลองเตย,กรุงเทพมหานคร,103303,10110,ทุกวัน,10:00:00 AM,7:00:00 PM,4101 ถ. สุขุมวิท แขวงพระโขนง เขตคลองเตย กรุงเทพมหานคร 10110,,
,813547-3,813547,All about petสาขาแฟชั่นไอซ์แลนด์,แขวงคันนายาว,เขตคันนายาว,กรุงเทพมหานคร,104301,10230,ทุกวัน,10:00:00 AM,8:00:00 PM,ศุนย์การค้าแฟชันไอส์แลนด์ ชั้น1 โซนบิ๊กซี แขวงคันนายาว เขตบางเขน กรุงเทพมหานคร 10230,,
,813547-4,813547,All about petสาขานวมินทร์,แขวงจรเข้บัว,เขตลาดพร้าว,กรุงเทพมหานคร,103802,10230,ทุกวัน,11:00:00 AM,6:00:00 PM,ร้านอาหารสัตว์ เลขที่ 30/19 ชั้น 1 นวมินทร์ซิตี้ อะเวนิว ม.4 แขวงจรเข้บัว เขตลาดพร้าว กรุงเทพมหานคร 10230,,
,813547-5,813547,All about petสาขากม.9,แขวงรามอินทรา,เขตคันนายาว,กรุงเทพมหานคร,104302,10230,ทุกวัน,11:00:00 AM,8:00:00 PM,471 ถ. รามอินทรา รามอินทรา เขตคันนายาว กรุงเทพมหานคร 10230,,0
155,813550,813550,โรงพยาบาลสัตว์ คริสตัลเพ็ท,แขวงท่าแร้ง,เขตบางเขน,กรุงเทพมหานคร,100508,10220,ทุกวัน,9:00:00 AM,9:00:00 PM,เลขที่ 1  ถ.รามอินทรา ซ.รามอินทรา 34 แยก 14,20,20
401,813620-1,813620,โรงพยาบาลสัตว์พระราม8 สาขาราชพฤกษ์,แขวงบางพรม,เขตตลิ่งชัน,กรุงเทพมหานคร,101904,10170,ทุกวัน,9:00:00 AM,9:00:00 AM,52 ถ. พรานนก - พุทธมณฑลสาย 4,25,
402,813620-2,813620,โรงพยาบาลสัตว์พระราม 8 ปิ่นเกล้า,แขวงอรุณอมรินทร์,เขตบางกอกน้อย,กรุงเทพมหานคร,102009,10700,ทุกวัน,9:00:00 AM,9:00:00 AM,"83/2 ซ.อรุณอมรินทร์43, ซอย อรุณอัมรินทร์",0,
403,813620-3,813620,โรงพยาบาลสัตว์พระราม 8 เยาวราช,แขวงตลาดน้อย,เขตสัมพันธวงศ์,กรุงเทพมหานคร,101303,10100,ทุกวัน,9:00:00 AM,9:00:00 AM,"1850, 1854 ถ. ทรงวาด",0,25
71,813654,813654,โรงพยาบาลสัตว์รังสิตปทุม,บางพูน,อำเภอเมืองปทุมธานี,ปทุมธานี,130111,12000,ทุกวัน,9:00:00 AM,9:00:00 PM,57/15-16 ม.2 ถ.รังสิตปทุม,20,20
421,813658,813658,ศรีเมืองสัตวแพทย์,แขวงทุ่งครุ,เขตทุ่งครุ,กรุงเทพมหานคร,104902,10140,ทุกวัน,9:00:00 AM,9:00:00 PM,122/53 ซอยประชาอุทิศ91/2 ถนนประชาอุทิศ,10,10
397,813678,813678,ใจดีรักษาสัตว์,แขวงท่าข้าม,เขตบางขุนเทียน,กรุงเทพมหานคร,102105,10150,ทุกวัน,12:00:00 PM,8:00:00 PM,116/2 พินนาเคิล มอลล์ พระรามที่ 2 ซอย 33,10,10
195,813843,813843,โรงพยาบาลสัตว์ บ้านสัตวแพทย์,ลาดสวาย,อำเภอลำลูกกา,ปทุมธานี,130602,12150,ทุกวัน,9:00:00 AM,9:00:00 PM,2 ปท.3017,20,20
69,814055,814055,Buddy pets clinic,แขวงสีกัน,เขตดอนเมือง,กรุงเทพมหานคร,103602,10210,ทุกวัน,9:00:00 AM,8:30:00 PM,179/72 ถ นาวงประชาพัฒนา,10,10
196,814069,814069,นนทวี รักษาสัตว์,บางสีทอง,อำเภอบางกรวย,นนทบุรี,120203,11130,ทุกวัน,9:00:00 AM,8:00:00 PM,90/2 ถ.บางกรวยไทรน้อย,10,10
37,814081,814081,คลินิกนายน์สัตวแพทย์,แขวงสามเสนนอก,เขตห้วยขวาง,กรุงเทพมหานคร,101704,10310,"วันจันทร์, วันอังคาร, วันพฤหัส, วันศุกร์, วันเสาร์, วันอาทิตย์",10:00:00 AM,8:30:00 PM,773/49 ถ.ประชาราษฎร์บำเพ็ญ,10,10
424,814144,814144,โรงพยาบาลสัตว์โอเอซิส,แขวงบางระมาด,เขตตลิ่งชัน,กรุงเทพมหานคร,101905,10170,ทุกวัน,12:00:00 AM,12:00:00 AM,88 ถนนวัดอินทราวาส,40,40
63,814172,814172,คลินิก บ้านท่าทราย รักษาสัตว์,ท่าทราย,อำเภอเมืองนนทบุรี,นนทบุรี,120105,11000,"วันจันทร์, วันอังคาร, วันพฤหัส, วันศุกร์, วันเสาร์, วันอาทิตย์",10:00:00 AM,8:30:00 PM,153  หมู่บ้านประชานิเวศน์3  ถ.ประชานิเวศน์3,10,10
82,814196,814196,โรงพยาบาลรักษ์สัตว์,แขวงบางชัน,เขตคลองสามวา,กรุงเทพมหานคร,104603,10510,ทุกวัน,12:00:00 AM,12:00:00 AM,212/1 ถ.เลียบคลองสอง,40,40
419,814223,814223,บางพรมสัตวแพทย์,แขวงบางพรม,เขตตลิ่งชัน,กรุงเทพมหานคร,101904,10170,ทุกวัน,9:00:00 AM,8:00:00 PM,15/7,20,20
428,814231,814231,โรงพยาบาลสัตว์พญาไท7,แขวงสามเสนใน,เขตพญาไท,กรุงเทพมหานคร,101401,10400,ทุกวัน,12:00:00 AM,12:00:00 AM,9 ซ. ชำนาญอักษร,20,20
87,814240,814240,โรงพยาบาลสัตว์จามจุรีโฮม,ลาดสวาย,อำเภอลำลูกกา,ปทุมธานี,130602,12150,ทุกวัน,9:00:00 AM,9:00:00 PM,38/26-27 หมู่ที่ 3 ถ.ลำลูกกา,10,10
388,814245-1,814245,วีว่า เพ็ท คลีนิก สาขาเซ็นทรัลอีสต์วิลล์,แขวงลาดพร้าว,เขตลาดพร้าว,กรุงเทพมหานคร,103801,10230,ทุกวัน,10:30:00 AM,9:30:00 PM,"PP-101/102, 107, 69-69/2 ถนนประดิษฐ์มนูธรรม CentralFestival EastVille",0,
365,814245-2,814245,วีว่า พรีเมี่ยม เพ็ท คลินิค สาขาโรบินสัน ลาดกระบัง,แขวงลาดกระบัง,เขตลาดกระบัง,กรุงเทพมหานคร,101101,10520,ทุกวัน,11:00:00 AM,8:00:00 PM,"102/5, 71 ถนนลาดกระบัง",40,
387,814245-3,814245,The Pet Safari at Paradise Park,แขวงหนองบอน,เขตประเวศ,กรุงเทพมหานคร,103202,10250,ทุกวัน,10:30:00 AM,8:45:00 PM,61 ถนนศรีนครินทร์,0,
386,814245-4,814245,Pet safari Iconsiam,แขวงคลองต้นไทร,เขตคลองสาน,กรุงเทพมหานคร,101804,10600,ทุกวัน,10:00:00 AM,10:00:00 PM,299 B1 floor. Room B106,40,
362,814245-5,814245,Pet lovers centre สาขา The Crystal SB ราชพฤกษ์,มหาสวัสดิ์,อำเภอบางกรวย,นนทบุรี,120207,11130,ทุกวัน,10:00:00 AM,9:00:00 PM,555 ถนนราชพฤกษ์,40,120
392,814273,814273,โรงพยาบาลสัตว์มีสุข,แขวงช่องนนทรี,เขตยานนาวา,กรุงเทพมหานคร,101203,10120,ทุกวัน,10:00:00 AM,10:00:00 PM,1045 ถ. พระรามที่ 3,10,10
66,814333,814333,Dr.Pet Club,แขวงท่าแร้ง,เขตบางเขน,กรุงเทพมหานคร,100508,10220,ทุกวัน,9:30:00 AM,10:30:00 PM,143/3 ถ.สยามธรณี,20,20
42,814341,814341,โรงพยาบาลสัตว์ลาดกระบัง,แขวงลาดกระบัง,เขตลาดกระบัง,กรุงเทพมหานคร,101101,10520,ทุกวัน,7:00:00 AM,10:00:00 PM,709/1 ถ.ลาดกระบัง,40,40
370,814418-1,814418,มนูญ เพ็ทช็อป เดอะโฟร์ท สายสี่,กระทุ่มล้ม,อำเภอสามพราน,นครปฐม,730610,73220,ทุกวัน,10:30:00 AM,8:30:00 PM,"111/34 อาคารซี 1 ห้อง ซี01,ซี02",150,
371,814418-2,814418,มนูญเพ็ทช็อป สาขาอ.ต.ก.,แขวงจตุจักร,เขตจตุจักร,กรุงเทพมหานคร,103005,10900,ทุกวัน,9:00:00 AM,8:00:00 PM,อาคารโซนสัตว์เลี้ยง อ.ต.ก เลขที่ 101 ถ.ย่านพหลโยธิน,0,
372,814418-3,814418,มนูญเพ็ทช็อป สาขาไทวัสดุบางบัวทอง,บางบัวทอง,อำเภอบางบัวทอง,นนทบุรี,120402,11110,ทุกวัน,9:00:00 AM,7:00:00 PM,เลขที่ 59/9 หมู่ที่ 1,0,
373,814418-4,814418,มนูญ เพ็ทช็อป สาขาธารา อเวนิว รังสิตคลอง 3,บึงยี่โถ,อำเภอธัญบุรี,ปทุมธานี,130302,12130,ทุกวัน,10:30:00 AM,8:00:00 PM,55/5 หมู่ 2 ชั้น 1 อาคารธาราอเวนิว รังสิต คลอง 3,0,
374,814418-5,814418,มนูญเพ็ทช็อป สาขาลาดพร้าว71,แขวงลาดพร้าว,เขตลาดพร้าว,กรุงเทพมหานคร,103801,10230,ทุกวัน,10:00:00 AM,8:00:00 PM,เลขที่ 177/1 ถนนนาคนิวาส,0,
375,814418-6,814418,มนูญเพ็ทช็อป สาขาดอนเมือง,แขวงสีกัน,เขตดอนเมือง,กรุงเทพมหานคร,103602,10210,ทุกวัน,10:00:00 AM,8:30:00 PM,119 15-16 ถ. พหลโยธิน,0,
376,814418-7,814418,มนูญเพ็ทช็อป สาขาเซียร์รังสิต,คูคต,อำเภอลำลูกกา,ปทุมธานี,130601,12130,ทุกวัน,10:00:00 AM,8:30:00 PM,99 ถ. พหลโยธิน,0,
377,814418-8,814418,มนูญ เพ็ท ช็อป สาขา ประชานิเวศน์,แขวงลาดยาว,เขตจตุจักร,กรุงเทพมหานคร,103001,10900,"ทุกวัน, วันจันทร์, วันอังคาร, วันพุธ, วันพฤหัส, วันศุกร์, วันเสาร์, วันอาทิตย์",9:00:00 AM,8:00:00 PM,เลขที่ 99/302 ถนนเทศบาลสงเคราะห์,0,
378,814418-9,814418,มนูญ เพ็ท ช็อป สาขารามอินทรา,แขวงคันนายาว,เขตคันนายาว,กรุงเทพมหานคร,104301,10230,ทุกวัน,10:30:00 AM,8:30:00 PM,"เลขที่ 63,65 ถนนรามอินทรา",0,150
379,814418-10,814418,มนูญ เพ็ท ช็อป สาขาลาดพร้าว 101,แขวงคลองจั่น,เขตบางกะปิ,กรุงเทพมหานคร,100601,10240,ทุกวัน,10:00:00 AM,8:00:00 PM,"70 78, 80 ถนนลาดพร้าว",0,
151,814449-1,814449,โรงพยาบาลสัตว์วัชรพล,แขวงท่าแร้ง,เขตบางเขน,กรุงเทพมหานคร,100508,10220,ทุกวัน,9:00:00 AM,9:00:00 PM,126/119 ถ.วัชรพล,50,
152,814449-2,814449,เก็งกิเพ็ทคลินิก,แขวงออเงิน,เขตสายไหม,กรุงเทพมหานคร,104202,10220,"วันจันทร์, วันอังคาร, วันพุธ, วันพฤหัส, วันเสาร์, วันอาทิตย์",10:30:00 AM,8:30:00 PM,299/1-2 ถ.สุขาภิบาล 5,0,50
73,814504,814504,โรงพยาบาลสัตว์รามอินทรา109,แขวงบางชัน,เขตคลองสามวา,กรุงเทพมหานคร,104603,10510,ทุกวัน,9:00:00 AM,8:00:00 PM,428/21-22 ถ.พระยาสุเรนทร์,20,20
394,814536,814536,โรงพยาบาลสัตว์วันใส,แขวงทุ่งครุ,เขตทุ่งครุ,กรุงเทพมหานคร,104902,10140,ทุกวัน,9:00:00 AM,7:00:00 PM,"637/10-11 หมู่1, ถนนประชาอุทิศ",10,10
12,814560,814560,โรงพยาบาลสัตว์เพ็ทโตะ,แขวงประเวศ,เขตประเวศ,กรุงเทพมหานคร,103201,10250,ทุกวัน,10:00:00 AM,9:00:00 PM,359/2-3 ถ.อ่อนนุช,10,10
474,814600,814600,โรงพยาบาลสัตว์บ้านสวน ,บางม่วง,อำเภอบางใหญ่,นนทบุรี,120301,11140,ทุกวัน,10:00:00 AM,7:00:00 PM,25/40 ม.8,10,10
11,814610,814610,บางนา เพ็ทเซ็นเตอร์ Bangna pet center,แขวงบางนาใต้,เขตบางนา,กรุงเทพมหานคร,104703,10260,ทุกวัน,8:30:00 AM,7:00:00 PM,522 ถนนเทพรัตน,40,40
16,814624,814624,โรงพยาบาลสัตว์รัชดา,แขวงดินแดง,เขตดินแดง,กรุงเทพมหานคร,102601,10400,ทุกวัน,10:00:00 AM,9:00:00 PM,210  ซอยรัชดาภิเษก7 ถนนรัชดาภิเษก,20,20
45,814643,814643,โรงพยาบาลสัตว์แฟมิแคร์,แขวงแสนแสบ,เขตมีนบุรี,กรุงเทพมหานคร,101002,10510,ทุกวัน,10:00:00 AM,8:00:00 PM,35/4 หมู่3 หน้าปากซอยสุวินทวงศ์5/3 ถนนสุวินทวงศ์,10,10
40,814677,814677,เพทเพลย์กราวด์รักษาสัตว์,บางแก้ว,อำเภอบางพลี,สมุทรปราการ,110302,10540,ทุกวัน,9:00:00 AM,8:00:00 PM,50/525 หน้าหมู่บ้านฉัตรเพชร หมู่2 ถนนหนามแดง-บางพลี,40,40
425,815698,815698,โรงพยาบาลสัตว์ตลิ่งชัน,แขวงฉิมพลี,เขตตลิ่งชัน,กรุงเทพมหานคร,101903,10170,ทุกวัน,12:00:00 AM,12:00:00 AM,1 ซอยบรมราชชนนี 61,40,40
455,815717-1,815717,โรงพยาบาลสัตว์ทองหล่อ พระราม9,แขวงบางกะปิ,เขตห้วยขวาง,กรุงเทพมหานคร,101702,10310,ทุกวัน,00:00:00 AM,12:59:59 PM,80 ถนน เพชรพระราม,120,
456,815717-2,815717,โรงพยาบาลสัตว์ทองหล่อ พระราม5,บางขุนกอง,อำเภอบางกรวย,นนทบุรี,120205,11130,ทุกวัน,00:00:00 AM,12:59:59 PM,31/7 ถ. นครอินทร์,0,
457,815717-3,815717,โรงพยาบาลสัตว์ทองหล่อ สาขาปิ่นเก้า,แขวงบางบำหรุ,เขตบางพลัด,กรุงเทพมหานคร,102503,10700,ทุกวัน,00:00:00 AM,12:59:59 PM,493 ถนน สิรินธร,0,
458,815717-4,815717,โรงพยาบาลสัตว์ทองหล่อ สาขาติวานนท์,ปากเกร็ด,อำเภอปากเกร็ด,นนทบุรี,120601,11120,ทุกวัน,00:00:00 AM,12:59:59 PM,"99/189, ถ. ติวานนท์",0,
459,815717-5,815717,โรงพยาบาลสัตว์ทองหล่อ สาขาสุขุมวิท,แขวงคลองตันเหนือ,เขตวัฒนา,กรุงเทพมหานคร,103902,10110,ทุกวัน,00:00:00 AM,12:59:59 PM,205/19-20 ซอยทองหล่อ ระหว่างซอย 9 กับ11,0,
460,815717-6,815717,โรงพยาบาลสัตว์ทองหล่อ สาขาสาทร-นราธิวาส,แขวงทุ่งวัดดอน,เขตสาทร,กรุงเทพมหานคร,102801,10120,ทุกวัน,00:00:00 AM,12:59:59 PM,130/144 ถนน นราธิวาสราชนครินทร์,0,
461,815717-7,815717,โรงพยาบาลสัตว์ทองหล่อ สาขาพระราม2,แขวงท่าข้าม,เขตบางขุนเทียน,กรุงเทพมหานคร,102105,10150,ทุกวัน,00:00:00 AM,12:59:59 PM,"30, 6 ถนน พระราม 2 ซ. 49",0,
462,815717-8,815717,โรงพยาบาลสัตว์ทองหล่อ สาขาประดิษฐ์มนูธรรม,แขวงคลองเจ้าคุณสิงห์,เขตวังทองหลาง,กรุงเทพมหานคร,104503,10310,ทุกวัน,00:00:00 AM,12:59:59 PM,738 ถ. ประดิษฐ์มนูธรรม,0,
463,815717-9,815717,โรงพยาบาลสัตว์ทองหล่อ สาขารามอินทรา,แขวงรามอินทรา,เขตคันนายาว,กรุงเทพมหานคร,104302,10230,ทุกวัน,00:00:00 AM,12:59:59 PM,492 492/ 1 ซอย รามอินทรา 50,0,120
464,815717-10,815717,โรงพยาบาลสัตว์ทองหล่อ สาขา ศรีนครินทร์,แขวงหนองบอน,เขตประเวศ,กรุงเทพมหานคร,103202,10250,ทุกวัน,00:00:00 AM,12:59:59 PM,25 ซอย ศรีนครินทร์ 48 แยก 1,0,
465,815717-11,815717,โรงพยาบาลสัตว์ทองหล่อ สาขารังสิต,ประชาธิปัตย์,อำเภอธัญบุรี,ปทุมธานี,130301,12130,ทุกวัน,00:00:00 AM,12:59:59 PM,"94, 2 ถ. พหลโยธิน",0,
466,815717-12,815717,Pet wellness center โดยโรงพยาบาลสัตว์ทองหล่อ สาขาเซ็นทรัลอีสวีลล์,แขวงลาดพร้าว,เขตลาดพร้าว,กรุงเทพมหานคร,103801,10230,ทุกวัน,00:00:00 AM,12:59:59 PM,"ศูนย์การค้าเซ็นทรัลเฟสติวัล อีสวิลล์ ห้องเลขที่ 177-178, ถ. ประดิษฐ์มนูธรรม",0,
467,815717-13,815717,โรงพยาบาลสัตว์ทองหล่อ สาขาพัทยา,นาเกลือ,อำเภอบางละมุง,ชลบุรี,200408,20150,ทุกวัน,00:00:00 AM,12:59:59 PM,148-2 ถ. สุขุมวิท,0,
468,815717-14,815717,โรงพยาบาลสัตว์ทองหล่อ สาขาระยอง,เนินพระ,อำเภอเมืองระยอง,ระยอง,210109,21000,ทุกวัน,00:00:00 AM,12:59:59 PM,23 33 หมู่3 ถ. สุขุมวิท,0,
469,815717-15,815717,โรงพยาบาลสัตว์ทองหล่อ สาขาเชียงใหม่,สันทรายน้อย,อำเภอสันทราย,เชียงใหม่,501402,50210,ทุกวัน,00:00:00 AM,12:59:59 PM,ถนน สมโภชเชียงใหม่ 700 ปี,0,
427,815764,815764,โรงพยาบาลสัตว์ศรีวรา,แขวงพลับพลา,เขตวังทองหลาง,กรุงเทพมหานคร,104504,10310,ทุกวัน,12:00:00 AM,12:00:00 AM,1325 ซอยลาดพร้าว 94 (ปัญจมิตร),10,10
15,815788,815788,สมุทร,ปากน้ำ,อำเภอเมืองสมุทรปราการ,สมุทรปราการ,110101,10270,"ทุกวัน, วันจันทร์, วันอังคาร, วันพุธ, วันพฤหัส, วันศุกร์",11:00:00 AM,8:00:00 PM,37/9-10,25,25
17,815809,815809,โรงพยาบาลสัตว์ไอเพท,แขวงพระโขนง,เขตคลองเตย,กรุงเทพมหานคร,103303,10110,ทุกวัน,9:00:00 AM,8:00:00 PM,4384/1 ถนนพระราม4,25,25
75,815846-1,815846,โรงพยาบาลสัตว์สวนหลวง ,แขวงหนองบอน,เขตประเวศ,กรุงเทพมหานคร,103202,10250,ทุกวัน,12:00:00 AM,12:00:00 AM,267 ซ.เฉลิมพระเกียรติ ร.9,40,
76,815846-2,815846,โรงพยาบาลสัตว์สวนหลวง พัฒนาการ,แขวงประเวศ,เขตประเวศ,กรุงเทพมหานคร,103201,10250,ทุกวัน,12:00:00 AM,12:00:00 AM,2 ซอยพัฒนาการ 63,0,
77,815846-3,815846,โรงพยาบาลสัตว์สวนหลวงลาดกระบัง,แขวงลาดกระบัง,เขตลาดกระบัง,กรุงเทพมหานคร,101101,10520,ทุกวัน,12:00:00 AM,12:00:00 AM,660 ถ.ลาดกระบัง,0,40
13,815990,815990,โรงพยาบาลสัตว์หมาแมวยิ้มแฉ่ง,แขวงคลองเจ้าคุณสิงห์,เขตวังทองหลาง,กรุงเทพมหานคร,104503,10310,ทุกวัน,8:00:00 AM,12:00:00 AM,257/4-5 ซอยลาดพร้าว101 ถนนลาดพร้าว,40,40
46,816048-1,816048,โรงพยาบาลสัตว์เซนต์ราฟาแอล,สำโรงเหนือ,อำเภอเมืองสมุทรปราการ,สมุทรปราการ,110102,10270,ทุกวัน,9:00:00 AM,9:00:00 PM,400/5-6 ถนนศรีนครินทร์,40,
150,816048-2,816048,โรงพยาบาลสัตว์แก้วกาญจน์,บางแก้ว,อำเภอบางพลี,สมุทรปราการ,110302,10540,ทุกวัน,8:00:00 AM,9:00:00 PM,89/2 หมู่15 ถนนบางนา-ตราด กม.5,40,80
439,816362,816362,เลิฟลี่แคร์สัตวแพทย์,บ้านฉาง,อำเภอบ้านฉาง,ระยอง,210203,21130,"วันจันทร์, วันอังคาร, วันพุธ, วันพฤหัส, วันศุกร์, วันเสาร์",9:30:00 AM,7:00:00 PM,195/92 ม.3 ถนนเทศบาล31 เนินสำเหร่ ยายร้า,10,10
290,816374,816374,คลินิกรักษาสัตว์บ้านพระ ,บ้านพระ,อำเภอเมืองปราจีนบุรี,ปราจีนบุรี,250108,25230,ทุกวัน,10:00:00 AM,8:00:00 PM,81/13 ม.15,10,10
390,816383,816383,โรงพยาบาลสัตว์ลักกี้เพ็ท,นาดี,อำเภอเมืองสมุทรสาคร,สมุทรสาคร,740109,74000,ทุกวัน,8:00:00 AM,12:00:00 AM,33/10,15,15
204,816565,816565,คลินิกสัตว์เลี้ยงต้นรักษ์,พลายชุมพล,อำเภอเมืองพิษณุโลก,พิษณุโลก,650115,65000,ทุกวัน,10:00:00 AM,7:00:00 PM,คลินิกสัตว์เลี้ยงต้นรักษ์ หมู่ที่ 5 98/92 ถ. สิงหวัฒน์ ตำบลพลายชุมพล อำเภอเมืองพิษณุโลก พิษณุโลก 65000,20,20
398,816573,816573,คลินิกรักษาสัตว์บ้านหมอพัด,แขวงบางพลัด,เขตบางพลัด,กรุงเทพมหานคร,102501,10700,ทุกวัน,1:00:00 PM,4:30:00 PM,"1459, 1471 ซอย ภาณุรังษี",10,10
264,816597,816597,โรงพยาบาลสัตว์ ดรีมเฮาส์,มาบยางพร,อำเภอปลวกแดง,ระยอง,210605,21140,ทุกวัน,9:00:00 AM,9:00:00 PM,399/5 ม.3,10,10
404,816896,816896,โรงพยาบาลสัตว์แสนดี สาขาพุทธมณฑลสาย2,แขวงบางไผ่,เขตบางแค,กรุงเทพมหานคร,104003,10160,ทุกวัน,9:00:00 AM,9:00:00 AM,40/17 ถ. พุทธมณฑล สาย 2,100,100
400,817175,817175,โรงพยาบาลสัตว์รักษ์ ณ จันทน์,แขวงช่องนนทรี,เขตยานนาวา,กรุงเทพมหานคร,101203,10120,ทุกวัน,9:00:00 AM,9:00:00 AM,"145, 147 ซอย ช่องนนทรี",40,40
389,817176,817176,เทพสิรินทร์สัตวแพทย์,บ้านปรก,อำเภอเมืองสมุทรสงคราม,สมุทรสงคราม,750104,75000,"วันจันทร์, วันอังคาร, วันพุธ, วันพฤหัส, วันอาทิตย์",9:00:00 AM,6:00:00 PM,61/22-23 ม.1,25,25
479,818105,818105,ศวารักษ์ รักษาสัตว์ ,ศาลายา,อำเภอพุทธมณฑล,นครปฐม,730701,73170,ทุกวัน,00:00:00 AM,12:59:59 PM,87/11 ม.3 ถ.ท่าศาลา-นครชัยศรี,100,100
349,818289,818289,คลินิกบ้านแสนรักษ์สัตว์,ท่าขนอน,อำเภอคีรีรัฐนิคม,สุราษฎร์ธานี,840801,84180,ทุกวัน (ปิดวันอาทิตย์),8:00:00 AM,7:00:00 PM,244/14 ม.1,20,20
86,818593,818593,แปลงยาวสัตวแพทย์,วังเย็น,อำเภอแปลงยาว,ฉะเชิงเทรา,240902,24190,ทุกวัน,9:00:00 AM,8:00:00 PM,45/4 ถ.บางคล้า-แปลงยาว,10,10
167,818675,818675,สิริพิชญ์รักษาสัตว์,ในเมือง,อำเภอเมืองบุรีรัมย์,บุรีรัมย์,310101,31000,ทุกวัน,9:00:00 AM,7:00:00 PM,73 33/72 ถนนบุลำดวน,10,10
145,818769,818769,โรงพยาบาลสัตว์แม่หลวน,วิชิต,อำเภอเมืองภูเก็ต,ภูเก็ต,830105,83000,ทุกวัน,8:30:00 AM,10:30:00 PM,18 ถ.แม่หลวน,40,40
175,818908,818908,คลินิกปันรักษ์สัตวแพทย์,สะเตง,อำเภอเมืองยะลา,ยะลา,950101,95000,ทุกวัน,8:00:00 AM,8:00:00 PM,917-919 ถนน ผังเมือง 4,20,20
339,818965,818965,คลินิกอู่ทองสัตวแพทย์,อู่ทอง,อำเภออู่ทอง,สุพรรณบุรี,720901,72160,ทุกวัน,8:00:00 AM,8:00:00 PM,1376/13 ม.6 ถ.มาลัยแมน,20,20
49,819267,819267,เพ็ทวิลล์รักษาสัตว์,บางรักน้อย,อำเภอเมืองนนทบุรี,นนทบุรี,120110,11000,"วันจันทร์, วันอังคาร, วันพุธ, วันพฤหัส, วันศุกร์, วันเสาร์",9:00:00 AM,8:00:00 PM,82/6 ม.3 ถ.รัตนาธิเบศร์,100,100
207,819484,819484,ทรัพย์ทวีรักษาสัตว์,ท่าหิน,อำเภอเมืองลพบุรี,ลพบุรี,160102,15000,ทุกวัน,10:00:00 AM,7:00:00 PM,216 ถ.พระราม	ต.ท่าหิน	อ.เมืองลพบุรี	จ.ลพบุรี	15000,40,40
125,819929,819929,คลินิกบ้านรักษ์สัตว์ สันป่าข่อย ,วัดเกต,อำเภอเมืองเชียงใหม่,เชียงใหม่,500106,50000,ทุกวัน,9:00:00 AM,8:00:00 PM,2/3 ถนนท่าสะต๋อย,10,10
280,819950,819950,โรงพยาบาลสัตว์ภาสุข,หน้าเมือง,อำเภอเมืองปราจีนบุรี,ปราจีนบุรี,250101,25000,ทุกวัน,8:30:00 AM,8:30:00 PM,163/2-3 ถ.ราษฎรดำริ,10,10
169,819959,819959,หมอแบตรักษาสัตว์,หนองญาติ,อำเภอเมืองนครพนม,นครพนม,480112,48000,ทุกวัน,9:00:00 AM,7:30:00 PM,434 ถ.นิตโย,10,10
391,820169,820169,โรงพยาบาลสัตว์มหาชัยบริรักษ์,มหาชัย,อำเภอเมืองสมุทรสาคร,สมุทรสาคร,740101,74000,"วันจันทร์, วันอังคาร, วันพฤหัส, วันศุกร์, วันเสาร์, วันอาทิตย์",9:00:00 AM,9:00:00 PM,271/27ก,40,40
62,820170,820170,โรงพยาบาลสัตว์อิ่มสุข,บึงสนั่น,อำเภอธัญบุรี,ปทุมธานี,130305,12110,ทุกวัน,8:00:00 AM,7:00:00 PM,122/2 ม.4,60,60
203,820344,820344,คลินิกรักษาสัตว์ เว็ท ไอคอนิค,เมือง,อำเภอเมืองเลย,เลย,420102,42000,ทุกวัน,10:00:00 AM,7:00:00 PM,515 ม.8 ถ.เลย-เชียงคาน	ต.เมือง	อ.เมืองเลย	จ.เลย	42000,10,10
187,820389,820389,Pet village,บางแก้ว,อำเภอบางพลี,สมุทรปราการ,110302,10540,"วันจันทร์, วันพุธ, วันพฤหัส, วันศุกร์, วันเสาร์, วันอาทิตย์",9:30:00 AM,8:00:00 PM,121/12 หมู่ 8 หมู่บ้านพฤกษาวิลล์ 66/3 ถนน บัวนครินทร์,10,10
182,820551,820551,โรงพยาบาลสัตว์เมก้าเพ็ท,บางแก้ว,อำเภอบางพลี,สมุทรปราการ,110302,10540,ทุกวัน,9:00:00 AM,8:30:00 PM,186 หมู่ 9,50,50
230,820611,820611,คลินิกหมอแป้งรักษาสัตว์,ถ้ำน้ำผุด,อำเภอเมืองพังงา,พังงา,820103,82000,"วันจันทร์, วันอังคาร, วันพุธ, วันพฤหัส, วันศุกร์, วันเสาร์",8:30:00 AM,8:30:00 PM,78/6-7 ถนน เทศบาลบำรุง,10,10
343,821351,821351,โรงพยาบาลสัตว์ตลาดน้ำ,ขุนพิทักษ์,อำเภอดำเนินสะดวก,ราชบุรี,700412,70130,ทุกวัน,8:30:00 AM,7:00:00 PM,197/6-7 ม.1 ถ.ดำเนิน-สมุทรสงคราม,10,10
366,821424-1,821424,MANOON PET SHOP พัฒนาการ,แขวงสวนหลวง,เขตสวนหลวง,กรุงเทพมหานคร,103401,10250,ทุกวัน,10:00:00 AM,8:00:00 PM,1246 ถนนพัฒนาการ,120,
367,821424-2,821424,MANOON PET SHOP โฮมโปร รามคำแหง,แขวงหัวหมาก,เขตบางกะปิ,กรุงเทพมหานคร,100608,10240,ทุกวัน,10:00:00 AM,8:00:00 PM,647/19 ถ .รามคำแหง,0,
368,821424-3,821424,MANOON PET SHOP มาร์เก็ตวิลเลจ,บางพลีใหญ่,อำเภอบางพลี,สมุทรปราการ,110301,10540,ทุกวัน,10:00:00 AM,8:00:00 PM,99 29 หมู่ที่ 1 ถ. เทพรัตน,0,
369,821424-4,821424,MANOON PET SHOP ทองหล่อ,แขวงคลองตันเหนือ,เขตวัฒนา,กรุงเทพมหานคร,103902,10110,ทุกวัน,10:00:00 AM,8:00:00 PM,ซีวิคพาร์ค ห้อง a1 ชั้น g เลขที่ 63 ซอย อรรคพัฒน์ (ทองหล่อ 13) ถนน สุขุมวิท55,0,120
354,821459-1,821459,สถานพยาบาลสัตว์มนูญเพ็ทช็อป สาขาหลักสี่,แขวงอนุสาวรีย์,เขตบางเขน,กรุงเทพมหานคร,100502,10220,ทุกวัน,9:30:00 AM,8:30:00 PM,56/1-56/10 ถนนพหลโยธิน,180,
355,821459-2,821459,สถานพยาบาลสัตว์ มนูญเพ็ทช็อป บาย ไอเคเอส สาขาปิ่นเกล้า,แขวงอรุณอมรินทร์,เขตบางกอกน้อย,กรุงเทพมหานคร,102009,10700,ทุกวัน,11:00:00 AM,9:00:00 PM,1/92 ถนนบรมราชธานี,0,
356,821459-3,821459,มนูญเพ็ทช็อป บาย ไอเคเอส สาขาจรัญสนิทวงศ์,แขวงบ้านช่างหล่อ,เขตบางกอกน้อย,กรุงเทพมหานคร,102005,10700,ทุกวัน,10:30:00 AM,9:00:00 PM,256/33-36 ถนนจรัญสนิทวงศ์,0,
357,821459-4,821459,มนูญเพ็ทช็อป บาย ไอเคเอส สาขาพระราม2,แขวงแสมดำ,เขตบางขุนเทียน,กรุงเทพมหานคร,102107,10150,ทุกวัน,11:30:00 AM,8:00:00 PM,346 ถนนพระรามที่2,0,
358,821459-5,821459,มนูญเพ็ทช็อป บาย ไอเคเอส สาขาพระราม 3,แขวงบางคอแหลม,เขตบางคอแหลม,กรุงเทพมหานคร,103101,10120,ทุกวัน,11:00:00 AM,8:00:00 PM,"20,22,24 ถนนพระรามที่ 3",0,
359,821459-6,821459,มนูญเพ็ทช็อป บาย ไอเคเอส สาขารัตนาธิเบศร์,บางกระสอ,อำเภอเมืองนนทบุรี,นนทบุรี,120104,11000,ทุกวัน,10:00:00 AM,9:00:00 PM,243  หมู่ที่ 8,0,
360,821459-7,821459,มนูญเพ็ทช็อป บาย ไอเคเอส สาขาราชพฤกษ์,บางขุนกอง,อำเภอบางกรวย,นนทบุรี,120205,11130,ทุกวัน,10:00:00 AM,8:00:00 PM,86/6-7 ถนนราชพฤกษ์,0,
361,821459-8,821459,มนูญเพ็ทช็อป บาย ไอเคเอส สาขาแจ้งวัฒนะ,แขวงทุ่งสองห้อง,เขตหลักสี่,กรุงเทพมหานคร,104101,10210,ทุกวัน,9:30:00 AM,8:30:00 PM,299/50-51 หมู่ที่ 4 ถนนแจ้งวัฒนะ,0,180
332,821555,821555,คลินิกเพ็ทเพลส ชะอำ,ชะอำ,อำเภอชะอำ,เพชรบุรี,760401,76120,ทุกวัน (หยุดวันอาทิตย์),9:00:00 AM,8:00:00 PM,47/1 ถ.ศรีสกุลไทย,10,10
221,821801,821801,คลินิกแม่ขรีสัตวแพทย์,แม่ขรี,อำเภอตะโหมด,พัทลุง,930401,93160,ทุกวัน,8:30:00 AM,7:00:00 PM,427/5,10,10
186,821806,821806,TH ANIMAL HOSPITAL,แขวงคลองจั่น,เขตบางกะปิ,กรุงเทพมหานคร,100601,10240,ทุกวัน,9:00:00 AM,9:00:00 PM,138 โยธินพัฒนา,10,10
154,822059,822059,ตะกั่วป่าสัตวแพทย์,ตะกั่วป่า,อำเภอตะกั่วป่า,พังงา,820501,82110,"วันจันทร์, วันพุธ, วันพฤหัส, วันศุกร์, วันเสาร์, วันอาทิตย์",9:00:00 AM,6:00:00 PM,7/34 ถนนวงศ์พาณิชย์,20,20
119,822198-1,822198,แม่จันสัตวแพทย์,แม่จัน,อำเภอแม่จัน,เชียงราย,570701,57110,ทุกวัน,9:00:00 AM,7:00:00 PM,25/2 หมู่ 2,10,
120,822198-2,822198,คลินิกรักษาสัตว์มาตะสัตวแพทย์,นางแล,อำเภอเมืองเชียงราย,เชียงราย,570104,57100,ทุกวัน,9:00:00 AM,7:00:00 PM,150/8 หมู่ 12,10,20
124,822507,822507,คลินิกแจ้ห่มรักษ์สัตว์,แจ้ห่ม,อำเภอแจ้ห่ม,ลำปาง,520601,52120,ทุกวัน,9:00:00 AM,7:00:00 PM,301/2,10,10
408,822573,822573,โรงพยาบาลสัตว์เอกชัย,แขวงบางบอนเหนือ,เขตบางบอน,กรุงเทพมหานคร,105002,10150,ทุกวัน,9:00:00 AM,9:00:00 AM,962-962/1 ถ.เอกชัย,100,100
95,822798-1,822798,ไก่ไข่การเกษตร,ปะโค,อำเภอเมืองหนองคาย,หนองคาย,430117,43000,"วันจันทร์, วันอังคาร, วันพฤหัส, วันศุกร์, วันเสาร์, วันอาทิตย์",7:30:00 AM,6:00:00 PM,172 หมู่6,120,
96,822798-2,822798,ญาญ่ารักษาสัตว์,ในเมือง,อำเภอเมืองหนองคาย,หนองคาย,430101,43000,"วันจันทร์, วันอังคาร, วันพฤหัส, วันศุกร์, วันเสาร์, วันอาทิตย์",9:00:00 AM,8:00:00 PM,1129/5 เยื้องปั๊มเชลล์ ถ.ประจักษ์,0,120
94,822839,822839,บ้านดินรักษาสัตว์,บึงน้ำรักษ์,อำเภอธัญบุรี,ปทุมธานี,130306,12110,"วันจันทร์, วันอังคาร, วันพุธ, วันพฤหัส, วันเสาร์, วันอาทิตย์",10:00:00 AM,6:00:00 PM,39/1 ม.1,40,40
315,823127,823127,โปรเพ็ท เซ็นเตอร์ คลินิกสุขภาพสัตว์เลี้ยง มหาสารคาม,ตลาด,อำเภอเมืองมหาสารคาม,มหาสารคาม,440101,44000,ทุกวัน,9:00:00 AM,9:00:00 PM,203/1 ถนนนครสวรรค์,20,20
158,823181,823181,คลินิกเพื่อนสี่ขาสัตวแพทย์,ระแงง,อำเภอศีขรภูมิ,สุรินทร์,320901,32110,ทุกวัน,9:00:00 AM,6:30:00 PM,ศีขรภูมิ,10,10
412,823302-1,823302,โรงพยาบาลสัตว์แพทย์สมุทร 24 ชั่วโมง มหาชัย,มหาชัย,อำเภอเมืองสมุทรสาคร,สมุทรสาคร,740101,74000,ทุกวัน,9:00:00 AM,9:00:00 AM,926/178,250,
413,823302-2,823302,โรงพยาบาลสัตว์พินนาเคิล-บางนา24ชั่วโมง,บางแก้ว,อำเภอบางพลี,สมุทรปราการ,110302,10540,ทุกวัน,9:00:00 AM,9:00:00 AM,999,0,
414,823302-3,823302,โรงพยาบาลสัตว์จอมทอง,แขวงบางมด,เขตจอมทอง,กรุงเทพมหานคร,103503,10150,ทุกวัน,9:00:00 AM,9:00:00 AM,677,0,
415,823302-4,823302,โรงพยาบาลสัตว์กรุงเทพกรีฑา 24ชั่วโมง,แขวงคลองสองต้นนุ่น,เขตลาดกระบัง,กรุงเทพมหานคร,101102,10520,ทุกวัน,9:00:00 AM,9:00:00 AM,69/1,0,
416,823302-5,823302,โรงพยาบาลสัตว์คลองสามวา,แขวงบางชัน,เขตคลองสามวา,กรุงเทพมหานคร,104603,10510,ทุกวัน,9:00:00 AM,9:00:00 AM,274/2,0,
417,823302-6,823302,โรงพยาบาลสัตว์อัมพวา 24 ชั่วโมง,บ้านปรก,อำเภอเมืองสมุทรสงคราม,สมุทรสงคราม,750104,75000,ทุกวัน,9:00:00 AM,9:00:00 AM,222/9,0,250
325,823765,823765,แม่น้ำรักษาสัตว์,แม่น้ำ,อำเภอเกาะสมุย,สุราษฎร์ธานี,840407,84330,ทุกวัน (ปิดวันศุกร์),9:00:00 AM,8:00:00 PM,80/9 ม.1,20,20
234,823850,823850,คลินิกระโนดรักษ์สัตว์,ระโนด,อำเภอระโนด,สงขลา,900701,90140,"วันพุธ, วันพฤหัส, วันศุกร์, วันเสาร์, วันอาทิตย์",8:30:00 AM,7:00:00 PM,286 ถ.ราษฎร์บํารุง,10,10
131,823882,823882,ปัญญาสร้างรักษาสัตว์,ปลวกแดง,อำเภอปลวกแดง,ระยอง,210601,21140,"วันอังคาร, วันพุธ, วันพฤหัส, วันศุกร์, วันเสาร์, วันอาทิตย์",9:30:00 AM,8:00:00 PM,287 ม.1 ถ.เทศบาลพัฒนา,10,10
395,823946,823946,โรงพยาบาลสัตว์สมใจ,แขวงแสมดำ,เขตบางขุนเทียน,กรุงเทพมหานคร,102107,10150,ทุกวัน,9:00:00 AM,9:00:00 PM,374 ซ.พระราม2 68 หน้า มบ.ศรัญญา ฝั่งตรงข้าม โลตัส ถ. พระราม 2,40,40
23,823961,823961,โรงพยาบาลสัตว์แสนสุข,ท่าวังทอง,อำเภอเมืองพะเยา,พะเยา,560113,56000,"วันจันทร์, วันอังคาร, วันพุธ, วันพฤหัส, วันศุกร์, วันเสาร์",8:30:00 AM,8:00:00 PM,801,50,50
453,824116-1,824116,โรงพยาบาลสัตว์แจ้งวัฒนะ,แขวงทุ่งสองห้อง,เขตหลักสี่,กรุงเทพมหานคร,104101,10210,ทุกวัน,8:00:00 AM,8:00:00 PM,1/008 ซอย แจ้งวัฒนะ 14 ชุมชนพงษ์เพชรแจ้งวัฒนะ 14 ซ. 4,100,
454,824116-2,824116,โรงพยาบาลสัตว์แจ้งวัฒนะ สาขารังสิต-ปทุมธานี,บ้านกลาง,อำเภอเมืองปทุมธานี,ปทุมธานี,130103,12000,ทุกวัน,8:00:00 AM,8:00:00 PM,29/2,0,100
156,824148,824148,โรงพยาบาลสัตว์แพรกษาใหม่,แพรกษาใหม่,อำเภอเมืองสมุทรปราการ,สมุทรปราการ,110117,10280,ทุกวัน,9:00:00 AM,9:00:00 PM,439/13 ถนนเทพารักษ์,10,10
144,824266,824266,PIPC: Phuket International Petcare Center,ศรีสุนทร,อำเภอถลาง,ภูเก็ต,830302,83110,ทุกวัน,10:00:00 AM,8:00:00 PM,191 ม.7,40,40
3,824277,824277,คลินิกสกลนครยาสัตว์,พังขว้าง,อำเภอเมืองสกลนคร,สกลนคร,470113,47000,ทุกวัน,8:00:00 AM,6:30:00 PM,468 บ้านหนองยาง (ใกล้สี่แยกบ้านหนองยาง),120,120
197,824366,824366,โรงพยบาลสัตว์เลิศบวรสัตวแพทย์,แขวงสีกัน,เขตดอนเมือง,กรุงเทพมหานคร,103602,10210,ทุกวัน,9:00:00 AM,8:00:00 PM,180 ถ.สรณคมน์,10,10
29,824463,824463,คลินิกบ้านฮักสัตว์,สันปูเลย,อำเภอดอยสะเก็ด,เชียงใหม่,500502,50220,ทุกวัน,9:00:00 AM,7:00:00 PM,199/7-8,10,10
275,824464,824464,โรงพยาบาลสัตว์ชัยภูมิ,ในเมือง,อำเภอเมืองชัยภูมิ,ชัยภูมิ,360101,36000,"วันจันทร์, วันอังคาร, วันพฤหัส, วันศุกร์, วันเสาร์, วันอาทิตย์",8:00:00 AM,8:00:00 PM,385-386 ถ.นิเวศรัตน์,10,10
470,825151,825151,โรงพยาบาลสัตว์ทวีรักข์,แขวงศาลาธรรมสพน์,เขตทวีวัฒนา,กรุงเทพมหานคร,104802,10170,ทุกวัน,10:00:00 AM,7:00:00 PM,951/1 ถนนพุทธมณฑลสาย 3,10,10
288,825161,825161,คลินิกรักษาสัตว์ ร.8 หมอหมิง,บ้านเป็ด,อำเภอเมืองขอนแก่น,ขอนแก่น,400115,40000,ทุกวัน,8:00:00 AM,9:00:00 PM,369/3 ถ.มะลิวัลย์,10,10
194,825423,825423,โรงพยาบาลสัตว์บ้านฟ้า,ประชาธิปัตย์,อำเภอธัญบุรี,ปทุมธานี,130301,12130,ทุกวัน,9:00:00 AM,12:00:00 AM,879 ถ.รังสิต-นครนายก (คลอง 2),20,20
276,825565,825565,โรงพยาบาลสัตว์ต้นกล้า ,ในเมือง,อำเภอเมืองนครราชสีมา,นครราชสีมา,300101,30000,"วันจันทร์, วันอังคาร, วันพุธ, วันศุกร์, วันเสาร์, วันอาทิตย์",9:00:00 AM,7:30:00 PM,84 ถ.สืบศิริ,10,10
72,825849,825849,คลินิกบ้านหมอคลองสามวารักษ์สัตว์,แขวงบางชัน,เขตคลองสามวา,กรุงเทพมหานคร,104603,10510,ทุกวัน,8:30:00 AM,8:00:00 PM,41/61 หน้าหมู่บ้าน เคซี พาร์ควิลล์ 2 ถ.เลียบคลองสอง,20,20
409,825876-1,825876,โรงพยาบาลสัตว์บีเอ็มเอช เอกชัย,แขวงบางบอนใต้,เขตบางบอน,กรุงเทพมหานคร,105003,10150,ทุกวัน,9:00:00 AM,9:00:00 PM,115/1157-1159 ถ. เอกชัย,320,
410,825876-2,825876,โรงพยาบาลสัตว์บีเอ็มเอช บ้านมหาชัย,มหาชัย,อำเภอเมืองสมุทรสาคร,สมุทรสาคร,740101,74000,ทุกวัน,9:00:00 AM,9:00:00 PM,237/348-49 ถนนเอกชัย,0,
411,825876-3,825876,โรงพยาบาลสัตว์บีเอ็มเอช รักษาสัตว์ (สาขาพันท้าย),พันท้ายนรสิงห์,อำเภอเมืองสมุทรสาคร,สมุทรสาคร,740113,74000,ทุกวัน,9:00:00 AM,8:30:00 PM,8/23 โครงการพันท้ายพลาซ่า,0,320
79,825917-1,825917,โรงพยาบาลสัตว์ถนนเฉลิมพระเกียรติ,แขวงประเวศ,เขตประเวศ,กรุงเทพมหานคร,103201,10250,ทุกวัน,12:00:00 AM,12:00:00 AM,908 ถ.พัฒนาการ,40,
80,825917-2,825917,โรงพยาบาลสัตว์ประเวศ,แขวงดอกไม้,เขตประเวศ,กรุงเทพมหานคร,103203,10250,ทุกวัน,12:00:00 AM,12:00:00 AM,117 ถ.สุขาภิบาล 2,0,
179,825917-3,825917,Petto machi,บึงยี่โถ,อำเภอธัญบุรี,ปทุมธานี,130302,12130,ทุกวัน,10:00:00 AM,8:00:00 PM,98 หมู่ 2 ถนนรังสิต-นครนายก,40,80
27,826021,826021,คลินิกต้นธงรักษาสัตว์,ต้นธง,อำเภอเมืองลำพูน,ลำพูน,510107,51000,"วันอังคาร, วันพุธ, วันพฤหัส, วันศุกร์, วันเสาร์, วันอาทิตย์",10:00:00 AM,8:00:00 PM,195/21,10,10
246,826220,826220,หมอลินรักษาสัตว์,นาป่า,อำเภอเมืองชลบุรี,ชลบุรี,200107,20000,ทุกวัน,8:30:00 AM,7:00:00 PM,72/13 ม.2,10,10
269,826221,826221,โรงพยาบาลสัตว์ภัคณา Pakana animal hospital,ตะเคียนเตี้ย,อำเภอบางละมุง,ชลบุรี,200407,20150,ทุกวัน,9:00:00 AM,8:00:00 PM,91/91 ม.3,10,10
384,826254,826254,ร้านกิตติศักดิ์์เพ็ทมาร์,คลองเกลือ,อำเภอปากเกร็ด,นนทบุรี,120612,11120,ทุกวัน,9:00:00 AM,9:00:00 PM,58/154-162 ม.1,550,550
342,826305,826305,ท่าชนะสัตวแพทย์,สมอทอง,อำเภอท่าชนะ,สุราษฎร์ธานี,840702,84170,ทุกวัน (หยุดวันอาทิตย์),8:00:00 AM,6:00:00 PM,158 ม.10,40,40
440,826324-1,826324,โรงพยาบาลสัตว์กรุงเทพนนท์,บางเขน,อำเภอเมืองนนทบุรี,นนทบุรี,120103,11000,ทุกวัน,9:00:00 AM,8:00:00 PM,169 ถ. กรุงเทพ - นนทบุรี,320,
441,826324-2,826324,โรงพยาบาลสัตว์กรุงเทพ,แขวงบางโคล่,เขตบางคอแหลม,กรุงเทพมหานคร,103103,10120,ทุกวัน,8:00:00 AM,12:45:00 PM,3627/124 ถนน เจริญราษฎร์,0,
442,826324-3,826324,โรงพยาบาลสัตว์สามัคคี,ท่าทราย,อำเภอเมืองนนทบุรี,นนทบุรี,120105,11000,ทุกวัน,10:00:00 AM,9:00:00 PM,370 ถ. สามัคคี,0,
443,826324-4,826324,โรงพยาบาลสัตว์เจริญนคร,แขวงบางลำภูล่าง,เขตคลองสาน,กรุงเทพมหานคร,101803,10600,ทุกวัน,10:00:00 AM,9:00:00 PM,922 ถ. เจริญนคร,0,
444,826324-5,826324,โรงพยาบาลสัตว์ติวานนท์,ท่าทราย,อำเภอเมืองนนทบุรี,นนทบุรี,120105,11000,ทุกวัน,10:00:00 AM,9:00:00 PM,"142/27-28, ถ.ติวานนท์,",0,
445,826324-6,826324,โรงพยาบาลสัตว์บางกรวย,บางกรวย,อำเภอบางกรวย,นนทบุรี,120202,11130,ทุกวัน,10:00:00 AM,9:00:00 PM,43/90 ถ. บางกรวย - ไทรน้อย,0,
446,826324-7,826324,โรงพยาบาลสัตว์กรุงเทพนนท์ สาขา บางเลน,บางเลน,อำเภอบางใหญ่,นนทบุรี,120303,11140,ทุกวัน,10:00:00 AM,9:00:00 PM,หมู่ที่ 9 67/93,0,
447,826324-8,826324,โรงพยาบาลสัตว์กรุงเทพนนท์ สาขา ณ นนท์,บางม่วง,อำเภอบางใหญ่,นนทบุรี,120301,11140,ทุกวัน,10:00:00 AM,9:00:00 PM,49/3,0,
448,826324-9,826324,โรงพยาบาลสัตว์กรุงเทพนนท์ สาขา ปลายบาง,มหาสวัสดิ์,อำเภอบางกรวย,นนทบุรี,120207,11130,ทุกวัน,10:00:00 AM,9:00:00 PM,หมู่ที่ 7 100/54,0,320
449,826324-10,826324,โรงพยาบาลสัตว์กรุงเทพนนท์ สาขา สรงประภา,แขวงสีกัน,เขตดอนเมือง,กรุงเทพมหานคร,103602,10210,ทุกวัน,10:00:00 AM,9:00:00 PM,314/33-24 ถนน สรงประภา,0,
450,826324-11,826324,โรงพยาบาลสัตว์สหัสวรรษ,แขวงบางซื่อ,เขตบางซื่อ,กรุงเทพมหานคร,102901,10800,ทุกวัน,10:00:00 AM,9:00:00 PM,"827, 827/1 ถ. ประชาชื่น",0,
451,826324-12,826324,โรงพยาบาลสัตว์สาทร,แขวงทุ่งมหาเมฆ,เขตสาทร,กรุงเทพมหานคร,102803,10120,ทุกวัน,10:00:00 AM,9:00:00 PM,"26/21-22,",0,
452,826324-13,826324,โรงพยาบาลสัตว์เจริญกรุง,แขวงบางคอแหลม,เขตบางคอแหลม,กรุงเทพมหานคร,103101,10120,ทุกวัน,10:00:00 AM,8:30:00 PM,2 20 ถ. เจริญกรุง,0,
350,826357,826357,แลนมาร์คคลินิคแอนด์เพ็ทช็อป,ท่าพี่เลี้ยง,อำเภอเมืองสุพรรณบุรี,สุพรรณบุรี,720101,72000,ทุกวัน,8:00:00 AM,8:00:00 PM,51 ถ.ประชาธิปไตย,10,10
248,826382,826382,ฟาร์มโฮมยาสัตว์,หนองตางู,อำเภอบรรพตพิสัย,นครสวรรค์,600511,60180,ทุกวัน,10:00:00 AM,5:00:00 PM,ง40/4 ม.1  ต.หนองตางู อ.บรรพตพิสัย จ.นครสวรรค์   Nakhon Sawan   TH-  60180,150,150
103,826391-1,826391,เพ็ทคอมเพล็กซ์ สาขาร้อยเอ็ด,เหนือเมือง,อำเภอเมืองร้อยเอ็ด,ร้อยเอ็ด,450103,45000,ทุกวัน,8:30:00 AM,7:30:00 PM,5 หมู่ 14,120,
104,826391-2,826391,Pet complex อุบลราชธานี,ในเมือง,อำเภอเมืองอุบลราชธานี,อุบลราชธานี,340101,34000,ทุกวัน,8:30:00 AM,7:00:00 PM,ตรงข้าม รร อัสสัมชัญ,0,
105,826391-3,826391,โรงพยาบาลสัตว์เพ็ทคอมเพล็กซ์ ศรีสะเกษ,หญ้าปล้อง,อำเภอเมืองศรีสะเกษ,ศรีสะเกษ,330116,33000,ทุกวัน,9:00:00 AM,7:00:00 PM,ถ.ศรีสะเกษอุทุมพร,0,
106,826391-4,826391,โรงพยาบาลสัตว์มาโครเพ็ท,ในเมือง,อำเภอเมืองอุบลราชธานี,อุบลราชธานี,340101,34000,ทุกวัน,9:00:00 AM,7:00:00 PM,11/7,0,
107,826391-5,826391,โรงพยาบาลสัตว์อุบลราชธานี สาขาหลังวัดแจ้ง,ในเมือง,อำเภอเมืองอุบลราชธานี,อุบลราชธานี,340101,34000,ทุกวัน,8:00:00 AM,12:00:00 PM,236 ถ.สุริยาตร์,0,
108,826391-6,826391,โรงพยาบาลสัตว์อุบลราชธานี สาขาแยกวนารมณ์,ในเมือง,อำเภอเมืองอุบลราชธานี,อุบลราชธานี,340101,34000,ทุกวัน,8:30:00 AM,7:00:00 PM,832 ถนนชยางกูร,0,
109,826391-7,826391,โรงพบาบาลสัตว์วาริน อุบล,วารินชำราบ,อำเภอวารินชำราบ,อุบลราชธานี,341501,34190,ทุกวัน,8:30:00 AM,7:00:00 PM,41/3-6,0,
110,826391-8,826391,Three vet pet care,แสนสุข,อำเภอเมืองชลบุรี,ชลบุรี,200104,20130,ทุกวัน,9:00:00 AM,6:30:00 PM,14 บางแสนสาย4 เหนือ,0,120
294,826421,826421,โรงพยาบาลสัตว์ธัญยรักษ์,ในเมือง,อำเภอเมืองนครราชสีมา,นครราชสีมา,300101,30000,ทุกวัน,8:00:00 AM,8:30:00 PM,46/1 ถนนพลแสน,10,10
172,826471,826471,โรงพยาบาลสัตว์มายด็อก,บางเสาธง,อำเภอบางเสาธง,สมุทรปราการ,110601,10570,ทุกวัน,9:00:00 AM,7:00:00 PM,118/2-3 เคหะบางพลี ถนนเทพารักษ์,50,50
51,831471,831471,โรงพยาบาลสัตว์ ทรีดี เพ็ท,แขวงดอนเมือง,เขตดอนเมือง,กรุงเทพมหานคร,103604,10210,ทุกวัน,12:00:00 AM,12:00:00 AM,555/3-4 ถนนสรงประภา,25,25
33,831478,831478,คลินิกคำหลวงรักษาสัตว์,บ้านดู่,อำเภอเมืองเชียงราย,เชียงราย,570103,57100,ทุกวัน,9:00:00 AM,7:30:00 PM,222,10,10
475,831622,831622,ดอนยายหอมรักษาสัตว์,ดอนยายหอม,อำเภอเมืองนครปฐม,นครปฐม,730108,73000,ทุกวัน,9:00:00 AM,7:00:00 PM,501/5 ม.3,10,10
160,831779,831779,คลินิกรักษาสัตว์โพนทอง,แวง,อำเภอโพนทอง,ร้อยเอ็ด,450701,45110,ทุกวัน,9:00:00 AM,6:30:00 PM,เยื้องปั๊ม ปตท.,10,10
319,832205,832205,โรงพยาบาลสัตว์ไตรขวัญ,สุรศักดิ์,อำเภอศรีราชา,ชลบุรี,200702,20110,ทุกวัน,7:00:00 AM,10:30:00 PM,208/9-10 ม.5,10,10
41,832216,832216,เพ็ทเคียว รักษาสัตว์,สำโรงเหนือ,อำเภอเมืองสมุทรปราการ,สมุทรปราการ,110102,10270,"วันจันทร์, วันอังคาร, วันพฤหัส, วันศุกร์, วันเสาร์, วันอาทิตย์",9:00:00 AM,8:00:00 PM,1188/2 ม.3,40,40
407,832279,832279,โรงพยาบาลสัตว์เพ็ทส์โฮม กาญจนาภิเษก,แขวงบางบอนเหนือ,เขตบางบอน,กรุงเทพมหานคร,105002,10150,ทุกวัน,7:00:00 AM,9:00:00 PM,115/6 หน้าหมู่บ้าน Villette,20,20
148,832381,832381,คลินิกรักษาสัตว์หมอเมย์,บ้านพรุ,อำเภอหาดใหญ่,สงขลา,901116,90250,ทุกวัน,9:00:00 AM,9:00:00 PM,434 ถ. กาญจนวนิช,25,25
35,832476,832476,โรงพยาบาลสัตว์ดอนแก้ว,ดอนแก้ว,อำเภอแม่ริม,เชียงใหม่,500710,50180,ทุกวัน,12:00:00 AM,12:00:00 AM,9/7 หมู่2 ถ.วงแหวนรอบนอก,10,10
393,832552,832552,โรงพยาบาลสัตว์วงเวียนใหญ่,แขวงบางยี่เรือ,เขตธนบุรี,กรุงเทพมหานคร,101503,10600,ทุกวัน,9:00:00 AM,8:00:00 PM,1 ถนน สมเด็จพระเจ้าตากสิน,10,10
9,832557,832557,บำรุงสุข รักษาสัตว์,แปลงยาว,อำเภอแปลงยาว,ฉะเชิงเทรา,240901,24190,ทุกวัน,8:00:00 AM,8:00:00 PM,112/2 ม.5 ถนน 3121,20,20
242,832787,832787,คลินิกเลิฟเพ็ทรักษาสัตว์,สุไหงโก-ลก,อำเภอสุไหงโก-ลก,นราธิวาส,961001,96120,"วันจันทร์, วันอังคาร, วันพุธ, วันพฤหัส, วันเสาร์, วันอาทิตย์",9:00:00 AM,6:00:00 PM,105 ถ.ลูกเสืออนุสรณ์,10,10
363,832812-1,832812,Pet Care+ สาขาพัฒนาการ,แขวงสวนหลวง,เขตสวนหลวง,กรุงเทพมหานคร,103401,10250,ทุกวัน,10:00:00 AM,8:00:00 PM,"2279, 4 ถ.พัฒนาการ แขวงสวนหลวง กรุงเทพมหานคร 10250",120,
364,832812-2,832812,Pet Care+ สาขานอร์ธ ราชพฤกษ์,บางพลับ,อำเภอปากเกร็ด,นนทบุรี,120611,11120,"วันจันทร์, วันพุธ, วันพฤหัส, วันศุกร์, วันเสาร์, วันอาทิตย์",10:00:00 AM,8:00:00 PM,30 17 หมู่ที่ 4 ถนน ราชพฤกษ์ ตำบล บางพลับ อำเภอปากเกร็ด นนทบุรี 11120,0,120
135,832877,832877,คลินิกหมอตั๊กรักษาสัตว์,บางเสาธง,อำเภอบางเสาธง,สมุทรปราการ,110601,10570,ทุกวัน,9:00:00 AM,8:00:00 PM,888/16 ม.7,120,120
232,832881,832881,โรงพยาบาลสัตว์กิตติคุณ,ในเมือง,อำเภอเมืองพิษณุโลก,พิษณุโลก,650101,65000,ทุกวัน,9:00:00 AM,10:00:00 PM,บึงพระจันทน์ ตำบล ในเมือง อำเภอเมืองพิษณุโลก พิษณุโลก 65000,10,10
168,832888,832888,สำโรงทาบรักษาสัตว์,หนองไผ่ล้อม,อำเภอสำโรงทาบ,สุรินทร์,321202,32170,"วันจันทร์, วันพุธ, วันพฤหัส, วันศุกร์, วันเสาร์, วันอาทิตย์",9:00:00 AM,6:30:00 PM,589,10,10
426,833208,833208,โรงพยาบาลสัตว์อนุรักษ์เมตตาสัตว์,แขวงหลักสอง,เขตบางแค,กรุงเทพมหานคร,104004,10160,ทุกวัน,9:00:00 AM,9:00:00 PM,1637-1639 ถ.เพชรเกษม,120,120
114,833286,833286,ศูนย์,บึงยี่โถ,อำเภอธัญบุรี,ปทุมธานี,130302,12130,ทุกวัน,10:00:00 AM,9:00:00 PM,888/1,10,10
301,834616,834616,โรงพยาบาลสัตว์ไชยณรงค์ ,ในเมือง,อำเภอเมืองนครราชสีมา,นครราชสีมา,300101,30000,ทุกวัน,9:00:00 AM,8:00:00 PM,"254/10-11,254/12-13  ถนนยมราช",20,20
137,834711-1,834711,โรงพยาบาลสัตว์กะทู้,กะทู้,อำเภอกะทู้,ภูเก็ต,830201,83120,ทุกวัน,9:00:00 AM,7:00:00 PM,15/28,250,
351,834711-2,834711,คลินิกเจ้าฟ้าสัตวแพทย์,วิชิต,อำเภอเมืองภูเก็ต,ภูเก็ต,830105,83000,ทุกวัน (ปิดวันอาทิตย์),8:00:00 AM,19:30:00 PM,61/216-217 ม.1 ถ.พัฒนาท้องถิ่น,250,500
113,834723,834723,คลินิกขุขันธ์เพ็ทแคร์,ห้วยเหนือ,อำเภอขุขันธ์,ศรีสะเกษ,330509,33140,ทุกวัน,8:00:00 AM,6:00:00 PM,31/8 หมู่ที่ 4,10,10
333,834749,834749,คลินิกบ้านนาเดิมสัตวแพทย์,บ้านนา,อำเภอบ้านนาเดิม,สุราษฎร์ธานี,841301,84240,ทุกวัน (หยุดวันอาทิตย์),8:00:00 AM,6:30:00 PM,399/39 ม.2,20,20
478,834920,834920,ณัฏฐนิตย์รักษาสัตว์ ,บางกระทึก,อำเภอสามพราน,นครปฐม,730604,73210,ทุกวัน ปิดวันเสาร์,10:00:00 AM,7:00:00 PM,13/42 ม.2,20,20
238,834950,834950,คลินิกหมอน้ำผึ้งรักษาสัตว์,อ่าวลึกใต้,อำเภออ่าวลึก,กระบี่,810501,81110,"วันจันทร์, วันอังคาร, วันพุธ, วันพฤหัส, วันเสาร์, วันอาทิตย์",8:30:00 AM,7:30:00 PM,217/85,10,10
164,835123,835123,โรงพยาบาลสัตว์เพ็ทอะราวด์มี,ในเมือง,อำเภอเมืองอุบลราชธานี,อุบลราชธานี,340101,34000,ทุกวัน,9:00:00 AM,8:00:00 PM,เลขที่ 1 ซอยเลี่ยงเมือง3,10,10
271,835318,835318,เกษตรสมบูรณ์รักษ์สัตว์,บ้านยาง,อำเภอเกษตรสมบูรณ์,ชัยภูมิ,360401,36120,"วันจันทร์, วันอังคาร, วันพุธ, วันพฤหัส, วันศุกร์, วันเสาร์",4:30:00 PM,7:00:00 PM,231/2 ม.4,10,10
247,835371,835371,เพ็ทบัดดี้ (คลินิกหมอใหม่รักษาสัตว์),เสม็ด,อำเภอเมืองชลบุรี,ชลบุรี,200116,20000,ทุกวัน,9:30:00 AM,8:00:00 PM,55/9 ม.1 ซ.ลุงสอง,10,10
244,835421,835421,ห้วยยอดสัตวแพทย์,ห้วยยอด,อำเภอห้วยยอด,ตรัง,920601,92130,"วันจันทร์, วันอังคาร, วันพฤหัส, วันศุกร์, วันเสาร์, วันอาทิตย์",8:30:00 AM,6:00:00 PM,240 ถ.เพชรเกษม,10,10
405,835424-1,835424,โรงพยาบาลสัตว์กาญจนาภิเษก,แขวงบางไผ่,เขตบางแค,กรุงเทพมหานคร,104003,10160,ทุกวัน,9:00:00 AM,9:00:00 AM,349 ถ. กาญจนาภิเษก,100,100
406,835424-2,835424,มีพร้อมสัตวแพทย์,แขวงบางแคเหนือ,เขตบางแค,กรุงเทพมหานคร,104002,10160,ทุกวัน,8:00:00 AM,8:00:00 PM,203/2 ถ. พุทธมณฑล สาย 2,0,
289,835619,835619,คลินิกรักษาสัตว์ตั้งต้น ,กบินทร์,อำเภอกบินทร์บุรี,ปราจีนบุรี,250201,25110,ทุกวัน,8:00:00 AM,8:00:00 PM,456/8-10 ม.6 ถ.สุวรรณศร,10,10
473,835698,835698,โรงพยาบาลสัตว์กู๊ดวิลล์,บางขนุน,อำเภอบางกรวย,นนทบุรี,120204,11130,ทุกวัน,9:00:00 AM,11:00:00 PM,ลขที่ 82/13-14 หมู่ที่ 1,20,20
142,835797,835797,NPSC ศูนย์รักษาโรคผิวหนังสัตว์เลี้ยงหมอหนึ่ง,ในเมือง,อำเภอเมืองนครศรีธรรมราช,นครศรีธรรมราช,800101,80000,"วันจันทร์, วันอังคาร, วันพุธ, วันพฤหัส, วันเสาร์, วันอาทิตย์",9:00:00 AM,7:00:00 PM,89/21 ถ.ราชดำเนิน 80/1,50,50
313,835914,835914,โรงพยาบาลสัตว์เพ็ทเมท ,ปากช่อง,อำเภอปากช่อง,นครราชสีมา,302101,30130,ทุกวัน,9:00:00 AM,8:00:00 PM,222/1 ถ.มิตรภาพ,10,10
236,835926,835926,คลินิกรักษาสัตว์หมอโบว์,ปากน้ำ,อำเภอเมืองกระบี่,กระบี่,810101,81000,ทุกวัน,9:00:00 AM,7:00:00 PM,228/5 ถนน มหาราช,10,10
56,835975,835975,โรงพยาบาลสัตว์เก็ทเวลล์,ลุมพลี,อำเภอพระนครศรีอยุธยา,พระนครศรีอยุธยา,140114,13000,ทุกวัน,9:00:00 AM,8:00:00 PM,111/19,20,20
291,835996,835996,ทวีสุขรักษาสัตว์ ,สระแก้ว,อำเภอเมืองสระแก้ว,สระแก้ว,270101,27000,ทุกวัน,8:00:00 AM,8:00:00 PM,159 ถ.สุวรรณศร,10,10
267,836017,836017,บางพระสัตวแพทย์,บางพระ,อำเภอศรีราชา,ชลบุรี,200707,20110,ทุกวัน,9:00:00 AM,8:00:00 PM,239/44 ม.2 ถ.สุขุมวิท,10,10
58,836221,836221,คุ้มบุญรักษาสัตว์,คลองหนึ่ง,อำเภอคลองหลวง,ปทุมธานี,130201,12120,"วันจันทร์, วันอังคาร, วันพุธ, วันพฤหัส, วันศุกร์, วันอาทิตย์",10:00:00 AM,8:00:00 PM,ข้างตลาดบุญคุ้ม 60/7-8 ม.1 ซอยคลองหลวง7(ซอยบุญคุ้ม),10,10
303,836343,836343,โรงพยาบาลสัตว์ดินาร์ ,ในเมือง,อำเภอเมืองขอนแก่น,ขอนแก่น,400101,40000,ทุกวัน,9:00:00 AM,9:00:00 PM,294/2 หมู่ที่ 7,10,10
53,836406,836406,โรงพยาบาลสัตว์เบทเทอร์เฮลธ์,บางสีทอง,อำเภอบางกรวย,นนทบุรี,120203,11130,ทุกวัน,9:00:00 AM,9:00:00 PM,48-48/3 หมู่3 ถนนบางกรวย-ไทรน้อย,50,50
174,836603,836603,บ้านหมอมดแดงรักสัตว์,สะเตง,อำเภอเมืองยะลา,ยะลา,950101,95000,ทุกวัน,8:30:00 AM,8:00:00 PM,369 ถนน ผังเมือง 4,20,20
240,836615,836615,บ้านหมอรักษาสัตว์,ในเมือง,อำเภอเมืองนครศรีธรรมราช,นครศรีธรรมราช,800101,80000,"วันอังคาร, วันพุธ, วันพฤหัส, วันศุกร์, วันเสาร์, วันอาทิตย์",9:00:00 AM,9:00:00 PM,632/15 ซอย แม่ม่วง,10,10
198,836616,836616,โรงพยาบาลสัตว์เพ็ชรรัตน์,บ้านค่าย,อำเภอบ้านค่าย,ระยอง,210501,21120,ทุกวัน,8:30:00 AM,12:00:00 AM,21/8 ม.2,25,25
38,836628,836628,โรงพยาบาลสัตว์เมอริทเพ็ท,บางพลีใหญ่,อำเภอบางพลี,สมุทรปราการ,110301,10540,ทุกวัน,9:00:00 AM,8:00:00 PM,115/21 ซอยมหาชัย,15,15
192,836646,836646,โรงพยาบาลสัตว์หมอรักสัตว์,ปากเพรียว,อำเภอเมืองสระบุรี,สระบุรี,190101,18000,ทุกวัน,8:00:00 AM,7:00:00 PM,66 84,60,60
117,836868,836868,คลินิกพีพีบี เพ็ทแคร์,พยอม,อำเภอวังน้อย,พระนครศรีอยุธยา,141106,13170,ทุกวัน,9:00:00 AM,8:00:00 PM,240/2 หมู่4 หมู่บ้านราชพฤกษ์1 ประตูน้ำพระอินทร์,10,10
70,836869,836869,เพ็ทโฮม,แขวงคลองถนน,เขตสายไหม,กรุงเทพมหานคร,104203,10220,"วันจันทร์, วันอังคาร, วันพุธ, วันพฤหัส, วันเสาร์, วันอาทิตย์",10:00:00 AM,7:00:00 PM,200/17 ม.จิตภาวรรณ,10,10
97,837006,837006,คลินิก ณ กันทรารมย์รักษาสัตว์,ดูน,อำเภอกันทรารมย์,ศรีสะเกษ,330301,33130,"วันจันทร์, วันอังคาร, วันพุธ, วันพฤหัส, วันเสาร์, วันอาทิตย์",8:30:00 AM,7:00:00 PM,74/12 ม13,10,10
67,837040,837040,โรงพยาบาลสัตว์โซเชียล Zocial pet hospital,แขวงศาลาธรรมสพน์,เขตทวีวัฒนา,กรุงเทพมหานคร,104802,10170,ทุกวัน,9:00:00 AM,8:00:00 PM,2/81 ซ.วาสนา5/5 หมู่บ้านกฤษดานคร39 ถนนบรมราชชนนี,50,50
321,837232,837232,เกษตรตาปีสัตวแพทย์,ตลาด,อำเภอเมืองสุราษฎร์ธานี,สุราษฎร์ธานี,840101,84000,จันทร์-เสาร์ (อาทิตย์ครึ่งวัน),9:00:00 AM,8:00:00 PM,456/31 ถนนตลาดใหม่,10,10
344,837233,837233,คลินิกหมาสวยรักษาสัตว์,เขานิเวศน์,อำเภอเมืองระนอง,ระนอง,850101,85000,ทุกวัน (หยุดวันอาทิตย์),9:00:00 AM,8:00:00 PM,1/36,10,10
346,837579,837579,โรงพยาบาลสัตว์จิตรักษ์,รั้วใหญ่,อำเภอเมืองสุพรรณบุรี,สุพรรณบุรี,720102,72000,ทุกวัน,9:00:00 AM,7:00:00 PM,36/25-26 ถ.นางแว่นแก้ว,25,25
300,837585,837585,โรงพยาบาลสัตว์เซ็นเตอร์เพ็ท ,ปรุใหญ่,อำเภอเมืองนครราชสีมา,นครราชสีมา,300107,30000,ทุกวัน,8:00:00 AM,9:00:00 PM,727-727/1 หมู่ที่ 5,10,10
39,837666,837666,รพส บ้านหมอป๊อปรักษาสัตว์,บางบ่อ,อำเภอบางบ่อ,สมุทรปราการ,110201,10560,ทุกวัน,8:00:00 AM,10:00:00 PM,595/10-11 ม.2,50,50
335,837716,837716,โรงพยาบาลสัตว์เมืองร้อยเกาะ,มะขามเตี้ย,อำเภอเมืองสุราษฎร์ธานี,สุราษฎร์ธานี,840102,84000,เปิดบริการ 24 ชม.,12:00:00 AM,12:00:00 PM,239/89-91 ม.1 ถ.ศรีเกษม,20,20
136,837777,837777,Cafina Pet wellness center,แขวงท่าแร้ง,เขตบางเขน,กรุงเทพมหานคร,100508,10220,ทุกวัน,9:00:00 AM,7:00:00 PM,21 ชั้น 1-1A ถนนวัชรพล,40,40
173,837884,837884,ULTRAVET PET WELLNESS,บางแก้ว,อำเภอบางพลี,สมุทรปราการ,110302,10540,"วันจันทร์, วันพุธ, วันพฤหัส, วันศุกร์, วันเสาร์, วันอาทิตย์",9:00:00 AM,8:00:00 PM,หมู่บ้านเลคไซด์วิลล่า 1 เลขที่ 901/3-5 หมู่ 15 ถ.บางนา-ตราด,10,10
181,837896,837896,เพื่อนรักสี่ขา,แขวงบางชัน,เขตคลองสามวา,กรุงเทพมหานคร,104603,10510,ทุกวัน,9:00:00 AM,7:00:00 PM,269/246 ถ.พระยาสุเรนทร์,10,10
202,837909,837909,โรงพยาบาลสัตว์สถานีรักษาสัตว์,ในเมือง,อำเภอเมืองพิษณุโลก,พิษณุโลก,650101,65000,ทุกวัน,10:00:00 AM,7:00:00 PM,"303/91 ถนนพิษณุโลก-หล่มสัก (ใกล้ห้างเทสโก้โลตัส Samo Khae, เมือง Phitsanulok 65000",10,10
471,837921,837921,โรงพยาบาลสัตว์ทวีรัชต์,ลำพยา,อำเภอเมืองนครปฐม,นครปฐม,730119,73000,ทุกวัน,10:00:00 AM,7:00:00 PM,เลขที่ 72 ถนนทรงพล,10,10
299,838140,838140,คลินิกรักษาสัตว์ เขาใหญ่เพ็ทคลินิก,ปากช่อง,อำเภอปากช่อง,นครราชสีมา,302101,30130,"วันจันทร์, วันอังคาร, วันพุธ, วันพฤหัส, วันศุกร์, วันเสาร์",9:00:00 AM,7:00:00 PM,"90,92 ถ.มิตรภาพ",10,10
268,838167,838167,Pet Center รักษาสัตว์ @พานทอง,พานทอง,อำเภอพานทอง,ชลบุรี,200501,20160,ทุกวัน,8:00:00 AM,8:00:00 PM,200/66 ม.10,10,10
229,838237,838237,สถานพยาบาลสัตว์เมืองระแหง,หนองหลวง,อำเภอเมืองตาก,ตาก,630102,63000,ทุกวัน,10:00:00 AM,6:00:00 PM,"5 2 Phahonyothin Road, หนองหลวง Mueang Tak District, Tak 63000",10,10
21,838271,838271,สบายดีเพ็ทคลินิก,ช้างเผือก,อำเภอเมืองเชียงใหม่,เชียงใหม่,500107,50300,ทุกวัน,9:00:00 AM,7:30:00 PM,71/12 หมู่ 2 ถนนเจ็ดยอด,10,10
123,838477,838477,โรงพยาบาลสัตว์น่านน้ำทอง,ดู่ใต้,อำเภอเมืองน่าน,น่าน,550108,55000,ทุกวัน,8:30:00 AM,8:00:00 PM,300/128-130,10,10
1,838581,838581,โรงพยาบาลสัตว์หมอรักสัตว์,บางแก้ว,อำเภอเมืองสมุทรสงคราม,สมุทรสงคราม,750105,75000,ทุกวัน,8:15:00 AM,7:00:00 PM,134/2 หมู่1,60,60
