No,ID,ACCID,Vet Name,แขวง/ตำบล,เขต/อำเภอ,จังหวัด,Address ID,Zip ,วันที่เปิดทำการ,เวลาเปิดทำการ,เวลาปิดทำการ,ที่อยู่,Stock,Stock
1,CN11,CN11,โรงพยาบาลสัตว์เพื่อพูน,หายยา,อำเภอเมืองเชียงใหม่,เชียงใหม่,500103,50000,ทุกวัน,7:00:00 AM,12:00:00 AM,242 ถ.วัวลาย,0,0
2,CN12,CN12,โรงพยาบาลสัตว์เขลางค์,สบตุ๋ย,อำเภอเมืองลำปาง,ลำปาง,520104,52000,ทุกวัน,8:30:00 AM,7:00:00 PM,361/23-24,0,0
3,CN13,CN13,คลีนิคบ้านรักษาสัตว์,สบตุ๋ย,อำเภอเมืองลำปาง,ลำปาง,520104,52000,ทุกวัน หยุดวันอาทิตย์,9:00:00 AM,6:00:00 PM,43/20 ถ.ท่าคราวน้อย,0,0
4,CN14,CN14,คลินิกรักษาสัตว์เพ็ทโฮม,บ้านดู่,อำเภอเมืองเชียงราย,เชียงราย,570103,57000,"วันจันทร์, วันอังคาร, วันพุธ, วันพฤหัส, วันศุกร์, วันเสาร์",9:00:00 AM,7:00:00 PM,177/4 ม.4,0,0
5,CN15,CN15,คลินิกสัตว์เลี้ยงแม่โจ้,หนองหาร,อำเภอสันทราย,เชียงใหม่,501408,50210,ทุกวัน หยุดวันอาทิตย์,9:00:00 AM,7:00:00 PM,190/8-9 ม.5,0,0
6,CN16,CN16,คลินิกเชียงใหม่-ลำพูน สัตวแพทย์,หนองหอย,อำเภอเมืองเชียงใหม่,เชียงใหม่,500111,50000,ทุกวัน หยุดวันอาทิตย์,9:00:00 AM,7:00:00 PM,552/2 ถ.เชียงใหม่-ลำพูน,0,0
7,CN17,CN17,นาทีทรัพย์ รักษาสัตว์,ป่าตัน,อำเภอเมืองเชียงใหม่,เชียงใหม่,500115,50300,"วันจันทร์, วันอังคาร, วันพฤหัส, วันศุกร์, วันเสาร์, วันอาทิตย์",10:00:00 AM,7:00:00 PM,162/1 ถ.เชียงใหม่-ลำปาง,0,0
8,CN18,CN18,หมอแพนรักษาสัตว์,ป่าสัก,อำเภอเมืองลำพูน,ลำพูน,510110,51000,ทุกวัน,9:00:00 AM,8:00:00 PM,214-215 ม.18,0,0
9,CN19,CN19,โรงพยาบาลเอ็นดูรักษาสัตว์,ช้างเผือก,อำเภอเมืองเชียงใหม่,เชียงใหม่,500107,50000,ทุกวัน,9:00:00 AM,8:00:00 PM,"128,130 ถ.วงแหวนศาลากลาง",0,0
10,CN110,CN110,ต้นยางสัตวแพทย์,ยางเนิ้ง,อำเภอสารภี,เชียงใหม่,501901,50140,ทุกวัน,9:00:00 AM,8:00:00 PM,เลขที่ 88/1 หมู่ที่ 2,0,0
11,CN111,CN111,โรงพยาบาลสัตว์ เมตตาเชียงใหม่,ช้างคลาน,อำเภอเมืองเชียงใหม่,เชียงใหม่,500105,50000,ทุกวัน,9:00:00 AM,8:00:00 PM,288/33 ถ.ช้างคลาน,0,0
12,CN112,CN112,โรงพยาบาลสัตว์ แฮปปี้,หางดง,อำเภอหางดง,เชียงใหม่,501501,50230,ทุกวัน,9:00:00 AM,8:00:00 PM,252/5-6 ม.2,0,0
13,CN113,CN113,โรงพยาบาลสัตว์สูงเม่น,ดอนมูล,อำเภอสูงเม่น,แพร่,540404,54130,ทุกวัน หยุดวันอาทิตย์,8:30:00 AM,7:00:00 PM,224 ม.4,0,0
14,CN114,CN114,ครอบครัวรักสัตว์ (หมอฟ้า),แม่เหียะ,อำเภอเมืองเชียงใหม่,เชียงใหม่,500109,50000,ทุกวัน หยุดวันพุธ,9:00:00 AM,7:00:00 PM,499/2 ม.7,0,0
15,CN115,CN115,โรงพยาบาลสัตว์หางดง,หนองควาย,อำเภอหางดง,เชียงใหม่,501509,50230,ทุกวัน,12:00:00 AM,12:00:00 AM,257/1-2 ม.11,0,0
16,CN116,CN116,คลินิกบ้านรักสัตว์,เมืองพาน,อำเภอพาน,เชียงราย,570513,57120,ทุกวัน,9:00:00 AM,6:00:00 PM,1995 ม.1,0,0
17,CN117,CN117,คลินิกสัตว์ยิ้มหวานลำปาง,สบตุ๋ย,อำเภอเมืองลำปาง,ลำปาง,520104,52000,ทุกวัน,10:00:00 AM,6:00:00 PM,130/2 ถ.สุเรนทร์,0,0
18,CN118,CN118,เชียงใหม่ไนท์ซาฟารี,หนองควาย,อำเภอหางดง,เชียงใหม่,501509,50230,ทุกวัน หยุดวันอาทิตย์,9:00:00 AM,6:00:00 PM,เลขที่ 33 หมู่ 12,0,0
19,CN119,CN119,คลินิกรักษาสัตว์ดอนจั่น,ท่าศาลา,อำเภอเมืองเชียงใหม่,เชียงใหม่,500112,50000,ทุกวัน หยุดวันอาทิตย์,9:00:00 AM,6:00:00 PM,411/14-15 โครงการเอวินิว,0,0
20,CN120,CN120,โรงพยาบาลสัตว์สบายใจสัตวแพทย์,หัวเวียง,อำเภอเมืองลำปาง,ลำปาง,520102,52000,ทุกวัน,9:00:00 AM,8:00:00 PM,292/26 ถ.พหลโยธิน,0,0
21,CN121,CN121,รพ.สัตว์ มหาวิทยาลัยราชภัฎเชียงราย,บ้านดู่,อำเภอเมืองเชียงราย,เชียงราย,570103,57100,ทุกวัน หยุดวัน เสาร์ อาทิตย์,9:00:00 AM,4:00:00 PM,80 ม.9 ถ.พหลโยธิน,0,0
22,CN122,CN122,โรงพยาบาลสัตว์เล็กลำปาง,หัวเวียง,อำเภอเมืองลำปาง,ลำปาง,520102,52000,ทุกวัน,9:00:00 AM,8:00:00 PM,71/29 ถ.บุญวาทย์(ค่ายทหาร),0,0
23,CN123,CN123,โรงพยาบาลสัตว์ลำพูน,เหมืองง่า,อำเภอเมืองลำพูน,ลำพูน,510102,51000,ทุกวัน,9:00:00 AM,8:00:00 PM,130 ม.2,0,0
24,CN124,CN124,โรงพยาบาลสัตว์สันทราย,สันทรายน้อย,อำเภอสันทราย,เชียงใหม่,501402,50210,ทุกวัน,12:00:00 AM,12:00:00 AM,564/2 ม.3,0,0
25,CN125,CN125,โรงพยาบาลสัตว์ไตรรัตน์เอื้ออาทร,ในเมือง,อำเภอเมืองลำพูน,ลำพูน,510101,51000,"วันจันทร์, วันอังคาร, วันพุธ, วันพฤหัส, วันศุกร์, วันเสาร์",9:00:00 AM,8:00:00 PM,288 ถ.สันป่ายาง,0,0
26,CN126,CN126,โรงพยาบาลน่านรักษ์สัตว์,ในเวียง,อำเภอเมืองน่าน,น่าน,550101,55000,"วันจันทร์, วันอังคาร, วันพุธ, วันพฤหัส, วันศุกร์, วันเสาร์",9:00:00 AM,8:00:00 PM,47/7 ถ.มหายศ,0,0
27,CN127,CN127,คลินิกโฮ่งเหมียว,บ้านกลาง,อำเภอเมืองลำพูน,ลำพูน,510112,51000,ทุกวัน,9:00:00 AM,8:00:00 PM,122/9 ม.4,0,0
28,CN128,CN128,คลินิกหมอปัทรักษาสัตว์,สันโป่ง,อำเภอแม่ริม,เชียงใหม่,500703,50180,ทุกวัน หยุดวันพุธ,9:00:00 AM,7:00:00 PM,6/2 ม.1,0,0
29,CN129,CN129,คลินิกหมอวุดรักษาสัตว์,ในเวียง,อำเภอเมืองน่าน,น่าน,550101,55000,ทุกวัน,8:30:00 AM,8:00:00 PM,106/1 ถ.สุมนเทวราช,0,0
30,CN130,CN130,คลินิกรักษาสัตว์ แอปเปิ้ลทรี (ตลาดแม่ริมพลาซ่า),ริมใต้,อำเภอแม่ริม,เชียงใหม่,500701,50180,ทุกวัน หยุดวันอังคาร,9:00:00 AM,7:00:00 PM,399/37 ม.1 (ตลาดแม่ริมพลาซ่า),0,0
31,CN131,CN131,โรงพยาบาลสัตว์เชียงราย,รอบเวียง,อำเภอเมืองเชียงราย,เชียงราย,570102,57000,ทุกวัน,9:00:00 AM,9:00:00 PM,198/9 ม.16,0,0
32,CN132,CN132,คลินิกรักษาสัตว์แสนดี,ห้วยอ้อ,อำเภอลอง,แพร่,540301,54150,"วันจันทร์, วันอังคาร, วันพุธ, วันพฤหัส, วันศุกร์, วันเสาร์",9:00:00 AM,7:00:00 PM,64 ม.9,0,0
33,CN133,CN133,คลินิกลำปางรักษ์สัตว์,เวียงเหนือ,อำเภอเมืองลำปาง,ลำปาง,520101,52000,ทุกวัน หยุดวันพุธ,9:00:00 AM,8:00:00 PM,279/9 ถ.จามเทวี,0,0
34,CN134,CN134,คลินิกปัญญาปาร์ครักษาสัตว์,พระบาท,อำเภอเมืองลำปาง,ลำปาง,520105,52000,ทุกวัน หยุดวันอาทิตย์,9:00:00 AM,7:00:00 PM,152/18 ถ.ลำปาง-แม่ทะ,0,0
35,CN135,CN135,โรงพยาบาลสัตว์อินทนนท์,ดอยแก้ว,อำเภอจอมทอง,เชียงใหม่,500207,50160,ทุกวัน หยุดวันพุธ,9:00:00 AM,7:00:00 PM,46/5 ม.2 ถ.เชียงใหม่-ฮอด,0,0
36,CN136,CN136,ช่อผกาสัตวแพทย์,หย่วน,อำเภอเชียงคำ,พะเยา,560301,56110,ทุกวัน,8:00:00 AM,8:00:00 PM,465/3 ม.4,0,0
37,CN137,CN137,โรงพยาบาลสัตว์เพ็ททูแคร์,หนองจ๊อม,อำเภอสันทราย,เชียงใหม่,501407,50210,ทุกวัน,9:00:00 AM,8:00:00 PM,158 ม.3,0,0
38,CN138,CN138,คลินิกหมอก้อยรักษาสัตว์,เชิงดอย,อำเภอดอยสะเก็ด,เชียงใหม่,500501,50220,ทุกวัน,9:00:00 AM,6:00:00 PM,99/5 ม.3,0,0
39,CN139,CN139,แก้มป่องรักษาสัตว์,ในเวียง,อำเภอเมืองน่าน,น่าน,550101,55000,ทุกวัน หยุดวันอาทิตย์,9:00:00 AM,6:00:00 PM,33/81 ถ.เปรมประชาราษฎร์,0,0
40,CN140,CN140,คลินิกบ้านรักสัตว์เกาะคา,ศาลา,อำเภอเกาะคา,ลำปาง,520305,52130,ทุกวัน,9:00:00 AM,6:30:00 PM,286/1 ม.3,0,0
41,CN141,CN141,โรงพยาบาลสัตว์เชียงใหม่,สันกลาง,อำเภอสันกำแพง,เชียงใหม่,501313,50130,ทุกวัน,8:00:00 AM,9:00:00 PM,29/5-6 ม.6,0,0
42,CN142,CN142,โรงพยาบาลสัตว์มหาวิทยาลัยเชียงใหม่,สุเทพ,อำเภอเมืองเชียงใหม่,เชียงใหม่,500108,50200,ทุกวัน,8:00:00 AM,8:00:00 PM,คณะสัตวแพทยศาสตร์,0,0
43,CN143,CN143,คณะสัตวแพทยศาสตร์ มหาวิทยาลัยเชียงใหม่,แม่เหียะ,อำเภอเมืองเชียงใหม่,เชียงใหม่,500109,50000,ทุกวัน หยุดวัน เสาร์ อาทิตย์,9:00:00 AM,4:00:00 PM,ถ.เลียบคันคลองชลประทาน,0,0
44,CN144,CN144,โรงพยาบาลสัตว์เชียงใหม่-แม่ริม,ช้างเผือก,อำเภอเมืองเชียงใหม่,เชียงใหม่,500107,50300,ทุกวัน,8:00:00 AM,12:00:00 AM,84/17-18 ถ.โชตนา,0,0
45,CN145,CN145,คลินิกรักษาสัตว์ โฮ่ง โฮ่ง เหมียว,หนองจ๊อม,อำเภอสันทราย,เชียงใหม่,501407,50210,ทุกวัน หยุดวันอาทิตย์,9:00:00 AM,8:00:00 PM,332/12,0,0
46,CN146,CN146,คลินิกสัตวแพทย์สายใหม่,หนองจ๊อม,อำเภอสันทราย,เชียงใหม่,501407,50210,ทุกวัน,10:00:00 AM,8:00:00 PM,107/4 ม.7,0,0
47,CN147,CN147,คลินิกสัตว์ วี เพ็ท,บ่อแฮ้ว,อำเภอเมืองลำปาง,ลำปาง,520116,52100,ทุกวัน,8:00:00 AM,8:00:00 PM,94/1 ม.4 ถ.ลำปาง-ห้างฉัตร,0,0
48,CN148,CN148,โรงพยาบาลสัตว์ บ้านเท้าปุย,สุเทพ,อำเภอเมืองเชียงใหม่,เชียงใหม่,500108,50300,ทุกวัน,9:00:00 AM,8:00:00 PM,43/6 ถ.คลองชลประทาน,0,0
49,CN149,CN149,โรงพยาบาลสัตว์พร้อมพันธ์,ข่วงเปา,อำเภอจอมทอง,เชียงใหม่,500204,50160,ทุกวัน,8:00:00 AM,8:00:00 PM,611/2-3 ม.11,0,0
50,CN150,CN150,คลินิกบ้านรักษ์สัตว์ สันป่าข่อย,วัดเกต,อำเภอเมืองเชียงใหม่,เชียงใหม่,500106,50000,ทุกวัน,9:00:00 AM,8:00:00 PM,2/3 ถ.ท่าสะต๋อย,0,0
51,CN151,CN151,ดอยติรักษาสัตว์,เวียงยอง,อำเภอเมืองลำพูน,ลำพูน,510111,51000,ทุกวัน,9:00:00 AM,6:00:00 PM,241/2 ม.2,0,0
52,CN152,CN152,โรงพยาบาลสัตว์น่านน้ำทอง,ดู่ใต้,อำเภอเมืองน่าน,น่าน,550108,55000,ทุกวัน,8:00:00 AM,8:00:00 PM,"300/128,130 ม.6",0,0
53,CN153,CN153,แม่จันสัตวแพทย์,แม่จัน,อำเภอแม่จัน,เชียงราย,570701,57110,ทุกวัน,9:00:00 AM,7:00:00 PM,25/2 ม.2,0,0
54,CN154,CN154,โรงพยาบาลสัตว์หมอนุก,ช้างคลาน,อำเภอเมืองเชียงใหม่,เชียงใหม่,500105,50100,ทุกวัน,9:00:00 AM,7:00:00 PM,เลขที่ 164/69 ถนนช้างคลาน,0,0
55,CN155,CN155,คลินิกแม่ต๋ำรักษาสัตว์,บ้านต่ำ,อำเภอเมืองพะเยา,พะเยา,560106,56000,ทุกวัน,9:00:00 AM,7:00:00 PM,เลขที่ 404 ถนนแม่ต๋ำสายใน,0,0
56,CN156,CN156,โรงพยาบาลสัตว์ แสนสุข,ท่าวังทอง,อำเภอเมืองพะเยา,พะเยา,560113,56000,"วันจันทร์, วันอังคาร, วันพุธ, วันพฤหัส, วันศุกร์, วันเสาร์",8:30:00 AM,8:00:00 PM,เลขที่ 801 หมู่ที่ 3 ถนนพหลโยธิน,0,0
57,CN157,CN157,คลินิกเจริญรักษ์สัตวแพทย์,เวียงชัย,อำเภอเวียงชัย,เชียงราย,570202,57210,ทุกวัน,9:00:00 AM,7:00:00 PM,431/1-2 ม.1,0,0
58,CN158,CN158,คลินิกบ้านฮักสัตว์,สันปูเลย,อำเภอดอยสะเก็ด,เชียงใหม่,500502,50220,ทุกวัน,10:00:00 AM,7:00:00 PM,199/7-8 ม.7,0,0
59,CN159,CN159,คลินิกฮักพะเยารักษาสัตว์,แม่กา,อำเภอเมืองพะเยา,พะเยา,560110,56000,ทุกวัน,5:00:00 PM,8:00:00 PM,23 ม.16,0,0
60,CN160,CN160,โรงพยาบาลสัตว์พอว์ สเปซ (Paws Space Pet Hospital),ต้นเปา,อำเภอสันกำแพง,เชียงใหม่,501312,50130,ทุกวัน,9:00:00 AM,7:00:00 PM,70/16 ม.8 ถ.สันกำแพงสายใหม่,0,0
61,CN161,CN161,เวียงชัยปศุสัตว์,ป่างิ้ว,อำเภอเวียงป่าเป้า,เชียงราย,571104,57170,ทุกวัน หยุดวันอาทิตย์,9:00:00 AM,6:00:00 PM,161 ม.9,0,0
62,CN162,CN162,คลินิกต้นธงรักษาสัตว์,ต้นธง,อำเภอเมืองลำพูน,ลำพูน,510107,51000,"วันอังคาร, วันพุธ, วันพฤหัส, วันศุกร์, วันเสาร์, วันอาทิตย์",10:00:00 AM,8:00:00 PM,195/21 ม.2 ถ.ลำพูน-ป่าซาง,0,0
63,CN163,CN163,คลินิกหมอต้อมรักษาสัตว์,โป่งผา,อำเภอแม่สาย,เชียงราย,570904,57130,ทุกวัน,8:00:00 AM,7:00:00 PM,3/1 ม.5,0,0
64,CN164,CN164,คลินิกรักษาสัตว์กาดต์บ้านใหม่,ริมกก,อำเภอเมืองเชียงราย,เชียงราย,570114,57100,ทุกวัน,9:00:00 AM,7:00:00 PM,74/4 ม.4 ถ.กลางเวียง,0,0
65,CN165,CN165,คลินิกคำหลวงรักษาสัตว์,บ้านดู่,อำเภอเมืองเชียงราย,เชียงราย,570103,57100,ทุกวัน,9:00:00 AM,7:30:00 PM,222/2 ม.17,0,0
66,CN166,CN166,บ้านหมากับแมวสัตวแพทย์,นางแล,อำเภอเมืองเชียงราย,เชียงราย,570104,57100,ทุกวัน,9:00:00 AM,7:00:00 PM,319 ม.14,0,0
67,CN167,CN167,น้ำปิงเพ็ทแคร์,แม่เหียะ,อำเภอเมืองเชียงใหม่,เชียงใหม่,500109,50000,ทุกวัน,8:00:00 AM,8:00:00 PM,เลขที่ 101/9 หมู่ที่ 5,0,0
68,CN168,CN168,โรงพยาบาลสัตว์ดอนแก้ว,ดอนแก้ว,อำเภอแม่ริม,เชียงใหม่,500710,50180,ทุกวัน,12:00:00 AM,12:00:00 AM,9/7 ม.2,0,0
69,CN169,CN169,ภูตะวันสัตวแพทย์,หย่วน,อำเภอเชียงคำ,พะเยา,560301,56110,ทุกวัน,9:00:00 AM,7:00:00 PM,313 ม.6,0,0
70,CN170,CN170,มาว มาว เพ็ท คลีนิก,ช้างเผือก,อำเภอเมืองเชียงใหม่,เชียงใหม่,500107,50300,ทุกวัน,10:00:00 AM,7:00:00 PM,35 ถ.หมื่นด้ามพร้าคต,0,0
71,CN171,CN171,โฮมตูบและเหมียว สัตวแพทย์,สันทราย,อำเภอเมืองเชียงราย,เชียงราย,570107,57000,ทุกวัน,9:00:00 AM,7:00:00 PM,เลขที่ 7 หมู่ที่ 6,0,0
72,CN172,CN172,โรงพยาบาลสัตว์เชียงใหม่ เซ็นเตอร์,ท่าศาลา,อำเภอเมืองเชียงใหม่,เชียงใหม่,500112,50000,ทุกวัน,8:00:00 AM,7:00:00 PM,เลขที่ 16/24 หมู่ที่ 2,0,0
73,CN173,CN173,โรงพยาบาลสัตว์ สันกำแพง,ต้นเปา,อำเภอสันกำแพง,เชียงใหม่,501312,50130,ทุกวัน,9:00:00 AM,9:00:00 PM,เลขที่ 12/10 หมู่ที่ 7,0,0
74,CN174,CN174,สะพานขาว เพ็ทเวลเนส,สันผักหวาน,อำเภอหางดง,เชียงใหม่,501508,50230,ทุกวัน,10:00:00 AM,7:00:00 PM,เลขที่ 297 หมู่ที่ 5,0,0
75,CN175,CN175,คลินิกรักษาสัตว์ คณะสัตวแพทยศาสตร์ มหาวิทยาลัยแม่โจ้,หนองหาร,อำเภอสันทราย,เชียงใหม่,501408,50290,ทุกวัน หยุดวัน เสาร์ อาทิตย์,9:00:00 AM,4:00:00 PM,เลขที่ 63 หมู่ 4,0,0
76,CN176,CN176,คลินิกฮอมฮักรักษาสัตว์,สันกำแพง,อำเภอสันกำแพง,เชียงใหม่,501301,50130,ทุกวัน,10:00:00 AM,7:00:00 PM,82/1 ม.7,0,0
77,CN177,CN177,คลินิกโฮ่งเหมียว ลำพูน,บ้านกลาง,อำเภอเมืองลำพูน,ลำพูน,510112,51000,ทุกวัน,9:00:00 AM,8:00:00 PM,"เลขที่ 122/9,122/10 หมู่ที่ 4",0,0
78,CN178,CN178,โรงพยาบาลนานาสัตว์,หนองควาย,อำเภอหางดง,เชียงใหม่,501509,50230,ทุกวัน,9:00:00 AM,7:00:00 PM,เลขที่ 294/1 หมู่ที่ 7,0,0
79,CN179,CN179,คลินิกเวียงเหนือรักษาสัตว์,เวียงเหนือ,อำเภอเมืองลำปาง,ลำปาง,520101,52000,ทุกวัน,9:00:00 AM,7:00:00 PM,88/1 ถ.จามเทวี,0,0
80,CN180,CN180,Pet Corner รักษาสัตว์,แขวงออเงิน,เขตสายไหม,กรุงเทพมหานคร,104202,10220,ทุกวัน,9:00:00 AM,8:00:00 PM,49/49 ซ.สุขาภิบาล 5 ซ.45,0,0
81,CN181,CN181,ลำปางสัตวภัณฑ์,พระบาท,อำเภอเมืองลำปาง,ลำปาง,520105,52000,ทุกวัน,9:00:00 AM,7:00:00 PM,97 ถ.ลําปาง-แม่ทะ,0,0
82,CN182,CN182,ลำปางสัตวภัณฑ์,พระบาท,อำเภอเมืองลำปาง,ลำปาง,520105,52000,ทุกวัน,9:00:00 AM,7:00:00 PM,97 ถ.ลําปาง-แม่ทะ,0,0
83,CN183,CN183,คลินิกบ้านสุขใจรักษาสัตว์,ป่าแดด,อำเภอเมืองเชียงใหม่,เชียงใหม่,500110,50100,ทุกวัน,9:00:00 AM,7:00:00 PM,103/15 ถ.เลียบน้ำปิงป่าแดด,0,0
84,CN184,CN184,ร้านกุสุมา,ในเมือง,อำเภอเมืองลำพูน,ลำพูน,510101,51000,ทุกวัน,8:00:00 AM,5:00:00 PM,45/1 ถ.รอบเมืองใน,0,0
85,CN185,CN185,โรงพยาบาลสัตว์นครพิงค์,สันโป่ง,อำเภอแม่ริม,เชียงใหม่,500703,50180,ทุกวัน,9:00:00 AM,8:00:00 PM,232/6-7 ม.6,0,0
86,CN186,CN186,โรงพยาบาลสัตว์อินทนนท์,ดอยแก้ว,อำเภอจอมทอง,เชียงใหม่,500207,50160,ทุกวัน หยุดวันพุธ,9:00:00 AM,7:00:00 PM,เลขที่ 46/5 หมู่ที่ 2,0,0
87,CN187,CN187,โรงพยาบาลสัตว์น่านน้ำทอง,ดู่ใต้,อำเภอเมืองน่าน,น่าน,550108,55000,ทุกวัน,8:30:00 AM,8:00:00 PM,"เลขที่ 300/128,300/130 หมู่ที่ 6",0,0
88,CN188,CN188,ลานนายาสัตว์,หนองควาย,อำเภอหางดง,เชียงใหม่,501509,50230,ทุกวัน,9:00:00 AM,8:00:00 PM,เลขที่ 10/1 หมู่ที่ 11,0,0
89,CB389,CB389,สัตวแพทย์กิตติพศ,หน้าเมือง,อำเภอเมืองฉะเชิงเทรา,ฉะเชิงเทรา,240101,24000,ทุกวัน,8:30:00 AM,8:00:00 PM,159 ถ.พานิช,0,0
90,CB390,CB390,สัตวแพทย์โอภาส,หน้าเมือง,อำเภอเมืองฉะเชิงเทรา,ฉะเชิงเทรา,240101,24000,ทุกวัน,9:00:00 AM,7:00:00 PM,486/4 ถ.ศุขประยูร,0,0
91,CB391,CB391,เกรียงศักดิ์สัตวแพทย์2,บ้านโพธิ์,อำเภอบ้านโพธิ์,ฉะเชิงเทรา,240501,24140,ทุกวัน,9:00:00 AM,8:00:00 PM,127/16 ม.1,0,0
92,CB392,CB392,เอสแคร์สัตวแพทย์,พนมสารคาม,อำเภอพนมสารคาม,ฉะเชิงเทรา,240603,24120,"วันจันทร์, วันอังคาร, วันพุธ, วันพฤหัส, วันศุกร์, วันอาทิตย์",8:00:00 AM,7:00:00 PM,1392 ม.1,0,0
93,CB393,CB393,สัตวแพทย์รุ่งเรือง,คลองหลวงแพ่ง,อำเภอเมืองฉะเชิงเทรา,ฉะเชิงเทรา,240118,24000,ทุกวัน,9:00:00 AM,7:00:00 PM,19/267,0,0
94,CB394,CB394,โรงพยาบาลสัตว์บางปะกง,บางปะกง,อำเภอบางปะกง,ฉะเชิงเทรา,240401,24180,ทุกวัน,9:00:00 AM,8:00:00 PM,1/19 ม.18,0,0
95,CB395,CB395,บูรพาสัตวแพทย์,บางวัว,อำเภอบางปะกง,ฉะเชิงเทรา,240403,24180,"วันอังคาร, วันพุธ, วันพฤหัส, วันศุกร์, วันเสาร์, วันอาทิตย์",9:00:00 AM,7:30:00 PM,100/6 ม.14 ถ.จรัญยานนท์,0,0
96,CB396,CB396,สี่ขาคลินิก,หน้าเมือง,อำเภอเมืองฉะเชิงเทรา,ฉะเชิงเทรา,240101,24000,ทุกวัน,9:00:00 AM,8:00:00 PM,191/1-2 ซ.มหาจักรพรรดิ์ 9/1,0,0
97,CB397,CB397,โรงพยาบาลสัตว์ เกศรี,แขวงสะพานสูง,เขตสะพานสูง,กรุงเทพมหานคร,104401,10240,ทุกวัน,10:00:00 AM,9:00:00 PM,25/30-32 หมู่บ้านเกศรี 2 ซ.รามคำแหง124,0,0
98,CB398,CB398,คลินิกสัตวแพทย์ 99,แขวงประเวศ,เขตประเวศ,กรุงเทพมหานคร,103201,10250,ทุกวัน,10:00:00 AM,8:00:00 PM,208/13 เมืองทองนิเวศน์ 2 โครงการ 1,0,0
99,CB399,CB399,หมอ หมา แมว (สหกรณ์รักษาสัตว์),แขวงคลองกุ่ม,เขตบึงกุ่ม,กรุงเทพมหานคร,102701,10240,ทุกวัน,10:00:00 AM,8:00:00 PM,889/4 ถ.เสรีไทย 43,0,0
100,CB3100,CB3100,พัฒนเวศม์รักษาสัตว์,แขวงพระโขนงเหนือ,เขตวัฒนา,กรุงเทพมหานคร,103903,10260,ทุกวัน,10:30:00 AM,8:00:00 PM,537/33 ถนนสุขุมวิท 71,0,0
101,CB3101,CB3101,เสรี สัตวแพทย์,แขวงดอกไม้,เขตประเวศ,กรุงเทพมหานคร,103203,10250,"วันอังคาร, วันพุธ, วันพฤหัส, วันศุกร์, วันเสาร์, วันอาทิตย์",11:00:00 AM,8:30:00 PM,420/24 ถ.กาญจนาภิเษก,0,0
102,CB3102,CB3102,โรงพยาบาลสัตว์ มหาสิน,แขวงบางนาเหนือ,เขตบางนา,กรุงเทพมหานคร,104702,10260,ทุกวัน,8:00:00 AM,10:00:00 PM,954/2 ซ.สุขุมวิท101/1,0,0
103,CB3103,CB3103,โรงพยาบาลสัตว์ รามคำแหง 60,แขวงหัวหมาก,เขตบางกะปิ,กรุงเทพมหานคร,100608,10241,ทุกวัน,9:00:00 AM,8:00:00 PM,16-16/1 ซ.รามคำแหง 60 ถ.รามคำแหง,0,0
104,CB3104,CB3104,ชวนชื่นสัตวแพทย์,แขวงสะพานสูง,เขตสะพานสูง,กรุงเทพมหานคร,104401,10250,ทุกวัน,9:00:00 AM,8:00:00 PM,47/5-6 ถ.สุขาภิบาล 3,0,0
105,CB3105,CB3105,เจริญพงษ์สัตวแพทย์,แขวงหนองบอน,เขตประเวศ,กรุงเทพมหานคร,103202,10250,"วันจันทร์, วันอังคาร, วันพุธ, วันพฤหัส, วันเสาร์, วันอาทิตย์",9:00:00 AM,7:00:00 PM,62/60 ม.2 สุขุมวิท 103,0,0
106,CB3106,CB3106,โรงพยาบาลสัตว์รักษาสัตว์คลอง 7 ลำลูกกา,บึงคำพร้อย,อำเภอลำลูกกา,ปทุมธานี,130603,12150,ทุกวัน,12:00:00 AM,12:00:00 AM,66/2-3 ม.5,0,0
107,CB3107,CB3107,วชิรธรรม 57 สัตวแพทย์,แขวงบางจาก,เขตพระโขนง,กรุงเทพมหานคร,100905,10260,ทุกวัน,9:00:00 AM,9:00:00 PM,1293/42 ซ.วชิรธรรมสาธิต 57,0,0
108,CB3108,CB3108,อู่ทองสัตวแพทย์,คูคต,อำเภอลำลูกกา,ปทุมธานี,130601,12150,ทุกวัน,9:00:00 AM,8:00:00 PM,95/59 ม.อู่ทองเพลส,0,0
109,CB3109,CB3109,โรงพยาบาลสัตว์สวัสดี,ลาดสวาย,อำเภอลำลูกกา,ปทุมธานี,130602,12150,ทุกวัน,9:00:00 AM,9:00:00 PM,11/10-11,0,0
110,CB3110,CB3110,บ้านหนูตูบรักษาสัตว์,แขวงคลองกุ่ม,เขตบึงกุ่ม,กรุงเทพมหานคร,102701,10241,"วันจันทร์, วันอังคาร, วันพุธ, วันพฤหัส, วันเสาร์, วันอาทิตย์",9:30:00 AM,7:30:00 PM,97/365 ซ.โพธิ์แก้ว ถ.นวมินทร์,0,0
111,CB3111,CB3111,คุ้มเกล้ารักษาสัตว์,แขวงมีนบุรี,เขตมีนบุรี,กรุงเทพมหานคร,101001,10510,ทุกวัน,9:00:00 AM,7:00:00 PM,83/3 ม.โกลเด้นท์เฮ้าส์,0,0
112,CB3112,CB3112,โรงพยาบาลสัตว์ปาริชาต สุวินทวงศ์,แขวงแสนแสบ,เขตมีนบุรี,กรุงเทพมหานคร,101002,10510,ทุกวัน,9:00:00 AM,8:00:00 PM,91 ม.18,0,0
113,CB3113,CB3113,โรงพยาบาลสัตว์เลี้ยงพรีเมียร์ Premier Pet Hospital,แขวงดอกไม้,เขตประเวศ,กรุงเทพมหานคร,103203,10250,ทุกวัน,9:00:00 AM,9:00:00 PM,121 ถ.เฉลิมพระเกียรติ ร.9,0,0
114,CB3114,CB3114,โรงพยาบาลสัตว์อุ่นใจ สาขาหัวหมาก,แขวงหัวหมาก,เขตบางกะปิ,กรุงเทพมหานคร,100608,10240,ทุกวัน,9:00:00 AM,9:00:00 PM,99/224 ถ.หัวหมาก,0,0
115,CB3115,CB3115,คลินิกศรีวินชญารักษาสัตว์,แขวงสายไหม,เขตสายไหม,กรุงเทพมหานคร,104201,10220,"วันจันทร์, วันอังคาร, วันพฤหัส, วันศุกร์, วันเสาร์, วันอาทิตย์",8:00:00 AM,8:00:00 PM,59 ม.1 ซ.สายไหม 55-57,0,0
116,CB3116,CB3116,โรงพยาบาลสัตว์เฟิร์สแคร์,แขวงดินแดง,เขตดินแดง,กรุงเทพมหานคร,102601,10400,ทุกวัน,10:00:00 AM,9:00:00 PM,228-230 ซ.ประชาสงเคราะห์45,0,0
117,CB3117,CB3117,โรงพยาบาลสัตว์ราษฎร์พัฒนา,แขวงสะพานสูง,เขตสะพานสูง,กรุงเทพมหานคร,104401,10240,ทุกวัน,9:00:00 AM,9:00:00 PM,235/23 ถ.ราษฎร์พัฒนา ซ.มิสทีน,0,0
118,CB3118,CB3118,บ้านรักษ์สัตว์,แขวงสะพานสูง,เขตสะพานสูง,กรุงเทพมหานคร,104401,10240,"วันอังคาร, วันพุธ, วันพฤหัส, วันศุกร์, วันเสาร์, วันอาทิตย์",10:00:00 AM,8:00:00 PM,164/24 ม.สัมมากร ซ.4,0,0
119,CB3119,CB3119,โรงพยาบาลัตว์เปี่ยมสุข,แขวงคลองกุ่ม,เขตบึงกุ่ม,กรุงเทพมหานคร,102701,10241,ทุกวัน,9:00:00 AM,8:00:00 PM,54/10 ซ.นวมินทร์ 71,0,0
120,CB3120,CB3120,สาวิตรี สัตวแพทย์,แขวงคันนายาว,เขตคันนายาว,กรุงเทพมหานคร,104301,10240,ทุกวัน,9:00:00 AM,8:00:00 PM,40 ถ.สวนสยาม,0,0
121,CB3121,CB3121,เวทคลับ (คลีนิครักษาสัตว์),บึงคำพร้อย,อำเภอลำลูกกา,ปทุมธานี,130603,12150,ทุกวัน,9:00:00 AM,10:00:00 PM,72/59-60 ม.6,0,0
122,CB3122,CB3122,PETClub สาขาพัฒนาการ,แขวงสวนหลวง,เขตสวนหลวง,กรุงเทพมหานคร,103401,10250,ทุกวัน,10:00:00 AM,8:00:00 PM,1144/2-3,0,0
123,CB3123,CB3123,คลินิกสัตวแพทย์มหาชน,แขวงบางจาก,เขตพระโขนง,กรุงเทพมหานคร,100905,10260,ทุกวัน,10:00:00 AM,9:00:00 PM,853 ซ.สุขุมวิท 103,0,0
124,CB3124,CB3124,โรงพยาบาลสัตว์คลองจั่น,แขวงคลองจั่น,เขตบางกะปิ,กรุงเทพมหานคร,100601,10240,ทุกวัน,9:00:00 AM,9:00:00 PM,475 ซ.นวมินทร์ 37,0,0
125,CB3125,CB3125,โรงพยาบาลสัตว์อารีย์มิตร,แขวงสายไหม,เขตสายไหม,กรุงเทพมหานคร,104201,10220,ทุกวัน,9:00:00 AM,9:00:00 PM,48/165-166 ม.1,0,0
126,CB3126,CB3126,บีเลิฟเพ็ท รักษาสัตว์,แขวงดอกไม้,เขตประเวศ,กรุงเทพมหานคร,103203,10250,ทุกวัน,9:00:00 AM,7:00:00 PM,424/1 ซ.นัมเบอร์วันรามคำแหง 2,0,0
127,CB3127,CB3127,หมอพร รักษาสัตว์,แขวงสวนหลวง,เขตสวนหลวง,กรุงเทพมหานคร,103401,10250,"วันจันทร์, วันอังคาร, วันพฤหัส, วันศุกร์, วันเสาร์, วันอาทิตย์",10:30:00 AM,7:00:00 PM,382 พัฒนาการ 53 เมืองทอง 2 โครงการ 3 ซอย 11,0,0
128,CB3128,CB3128,ไออุ่นสัตวแพทย์,แขวงบางชัน,เขตคลองสามวา,กรุงเทพมหานคร,104603,10510,"วันจันทร์, วันอังคาร, วันพฤหัส, วันศุกร์, วันเสาร์, วันอาทิตย์",9:00:00 AM,8:00:00 PM,221/18 ถ.ปัญญาอินทรา,0,0
129,CB3129,CB3129,โรงพยาบาลสัตว์สวนราชา,แขวงหัวหมาก,เขตบางกะปิ,กรุงเทพมหานคร,100608,10240,ทุกวัน,9:00:00 AM,9:00:00 PM,11 สวนราชาทาวน์โฮม,0,0
130,CB3130,CB3130,ฉัตรภาณุคลินิกรักษ์สัตว์,คูคต,อำเภอลำลูกกา,ปทุมธานี,130601,12130,ทุกวัน,9:00:00 AM,7:00:00 PM,91/11 ม.7,0,0
131,CB3131,CB3131,โรงพยาบาลรักษ์สัตว์,แขวงบางชัน,เขตคลองสามวา,กรุงเทพมหานคร,104603,10510,ทุกวัน,12:00:00 AM,12:00:00 AM,212/1 ถ.เลียบคลองสอง,0,0
132,CB3132,CB3132,โรงพยาบาลสัตว์จามจุรีโฮม,ลาดสวาย,อำเภอลำลูกกา,ปทุมธานี,130602,12150,ทุกวัน,9:00:00 AM,9:00:00 PM,38/26-27 ม.3,0,0
133,CB3133,CB3133,คลินิกหมอตู่รักษ์สัตว์,แขวงกระทุ่มราย,เขตหนองจอก,กรุงเทพมหานคร,100301,10530,ทุกวัน,9:00:00 AM,8:00:00 PM,216 ถนนอยู่วิทยา,0,0
134,CB3134,CB3134,Dr.Pet Club,แขวงท่าแร้ง,เขตบางเขน,กรุงเทพมหานคร,100508,10220,ทุกวัน,9:30:00 AM,10:30:00 PM,143/3 ม.5 ซ.สยามธรณี (คู้บอน 27) ถ.รามอินทรา,0,0
135,CB3135,CB3135,โรงพยาบาลสัตว์ เดอะเวท 24 ชั่วโมง,แขวงบางนาเหนือ,เขตบางนา,กรุงเทพมหานคร,104702,10260,ทุกวัน,12:00:00 AM,12:00:00 AM,2 ซ.อุดมสุข 42 แยก 1,0,0
136,CB3136,CB3136,พรรณธิดา รักษาสัตว์,แขวงสะพานสูง,เขตสะพานสูง,กรุงเทพมหานคร,104401,10240,ทุกวัน,9:30:00 AM,7:00:00 PM,46 ถ.เคหะร่มเกล้า,0,0
137,CB3137,CB3137,โรงพยาบาลสัตว์แพลตตินัม,แขวงบางชัน,เขตคลองสามวา,กรุงเทพมหานคร,104603,10510,ทุกวัน,9:00:00 AM,8:00:00 PM,89/7-9 อาร์เคพาร์ค ถ.หทัยราษฎร์,0,0
138,CB3138,CB3138,โรงพยาบาลสัตว์รามอินทราร้อยเก้า,แขวงบางชัน,เขตคลองสามวา,กรุงเทพมหานคร,104603,10510,ทุกวัน,9:00:00 AM,8:00:00 PM,428/21-22 ซ.รามอินทรา 109,0,0
139,CB3139,CB3139,โรงพยาบาลสัตว์เพ็ทโตะ,แขวงประเวศ,เขตประเวศ,กรุงเทพมหานคร,103201,10250,ทุกวัน,10:00:00 AM,9:00:00 PM,359/2-3 ถ.อ่อนนุช,0,0
140,CB3140,CB3140,โรงพยาบาลสัตว์แฟมิแคร์,แขวงแสนแสบ,เขตมีนบุรี,กรุงเทพมหานคร,101002,10510,ทุกวัน,10:00:00 AM,8:00:00 PM,35/4 ม.3 ถ.สุวินทวงศ์,0,0
141,CB3141,CB3141,โรงพยาบาลสวนสัตว์,แขวงสวนหลวง,เขตสวนหลวง,กรุงเทพมหานคร,103401,10250,"วันจันทร์, วันอังคาร, วันพุธ, วันศุกร์, วันเสาร์, วันอาทิตย์",9:00:00 AM,6:00:00 PM,"709/52,709/53 ถ.อ่อนนุช",0,0
142,CB3142,CB3142,โรงพยาบาลสัตว์สุขุมวิท 49,แขวงคลองตันเหนือ,เขตวัฒนา,กรุงเทพมหานคร,103902,10110,ทุกวัน,9:00:00 AM,7:00:00 PM,120/1-2 ซ.สุขุมวิท 49 (กลาง),0,0
143,CB3143,CB3143,โรงพยาบาลสัตว์สวนหลวง,แขวงหนองบอน,เขตประเวศ,กรุงเทพมหานคร,103202,10250,ทุกวัน,12:00:00 AM,12:00:00 AM,267 ถ.เฉลิมพระเกียรติ ร.9,0,0
144,CB3144,CB3144,โรงพยาบาลสัตว์ เพ็ทไดเร็ค,แขวงคลองตันเหนือ,เขตวัฒนา,กรุงเทพมหานคร,103902,10110,ทุกวัน,8:00:00 AM,10:00:00 PM,946/10-12 ซ.สุขุมวิท 55,0,0
145,CB3145,CB3145,โรงพยาบาลสัตว์ปัฐวิกรณ์,แขวงคลองกุ่ม,เขตบึงกุ่ม,กรุงเทพมหานคร,102701,10241,ทุกวัน,10:00:00 AM,9:00:00 PM,27/131-132 ปากซ.นวมินทร์117,0,0
146,CB3146,CB3146,แปลงยาวสัตวแพทย์,วังเย็น,อำเภอแปลงยาว,ฉะเชิงเทรา,240902,24190,ทุกวัน,9:00:00 AM,8:00:00 PM,45/4 ถ.บางคล้า-แปลงยาว,0,0
147,CB3147,CB3147,หนองจอกรักษาสัตว์,แขวงหนองจอก,เขตหนองจอก,กรุงเทพมหานคร,100302,10530,ทุกวัน,9:00:00 AM,7:00:00 PM,34/5 ม.7 ถ.ผดุงพันธ์,0,0
148,CB3148,CB3148,โรงพยาบาลสัตว์เพ็ทอีส,แขวงราษฎร์พัฒนา,เขตสะพานสูง,กรุงเทพมหานคร,104402,10240,ทุกวัน,8:30:00 AM,6:30:00 PM,122/3 ถนนราษฎร์พัฒนา,0,0
149,CB3149,CB3149,คลินิกเพ็ทคอนเน็กต์รักษาสัตว์,บางเมืองใหม่,อำเภอเมืองสมุทรปราการ,สมุทรปราการ,110114,10270,,,,95/2 ซ.ทิพวัล43,0,0
150,CB3150,CB3150,โรงพยาบาลสัตว์บูรพา,หน้าเมือง,อำเภอเมืองฉะเชิงเทรา,ฉะเชิงเทรา,240101,24000,"วันจันทร์, วันอังคาร, วันพุธ, วันพฤหัส, วันศุกร์, วันอาทิตย์",9:00:00 AM,9:00:00 PM,1072-1074 ถ.ศุขประยูร,0,0
151,CB3151,CB3151,โรงพยาบาลสัตว์ ลำลูกกาคลองสาม,คูคต,อำเภอลำลูกกา,ปทุมธานี,130601,12150,ทุกวัน,9:00:00 AM,12:00:00 AM,เลขที่ 38/15 หมู่ที่ 3,0,0
152,CB3152,CB3152,โรงพยาบาลสัตว์นวลจันทร์,แขวงคลองกุ่ม,เขตบึงกุ่ม,กรุงเทพมหานคร,102701,10230,ทุกวัน,9:00:00 AM,10:00:00 PM,เลขที่ 15/14 ซอยรามอินทรา 40,0,0
153,CB3153,CB3153,คลินิกสัตว์บ้านหลังเล็ก,แขวงบางชัน,เขตคลองสามวา,กรุงเทพมหานคร,104603,10510,"วันอังคาร, วันพุธ, วันพฤหัส, วันศุกร์, วันเสาร์, วันอาทิตย์",9:30:00 AM,9:00:00 PM,17/13 ถ.หทัยราษฎร์,0,0
154,CB3154,CB3154,คลินิกบ้านหมอคลองสามวารักษ์สัตว์,แขวงบางชัน,เขตคลองสามวา,กรุงเทพมหานคร,104603,10510,ทุกวัน,8:30:00 AM,8:00:00 PM,เลขที่ 41/61 ซอยเลียบคลองสอง 29,0,0
155,CB3155,CB3155,โรงพยาบาลสัตว์ถนนเฉลิมพระเกียรติ,แขวงประเวศ,เขตประเวศ,กรุงเทพมหานคร,103201,10250,ทุกวัน,12:00:00 AM,12:00:00 AM,เลขที่ 908 ถนนพัฒนาการตัดใหม่,0,0
156,CB3156,CB3156,หมอตัวเล็กรักษาสัตว์,แขวงบางชัน,เขตคลองสามวา,กรุงเทพมหานคร,104603,10510,ทุกวัน,9:00:00 AM,8:00:00 PM,เลขที่ 45/2 ถนนเลียบคลองสอง,0,0
157,CB3157,CB3157,โรงพยาบาลสัตว์คำหลวง,ลาดสวาย,อำเภอลำลูกกา,ปทุมธานี,130602,12150,ทุกวัน,9:00:00 AM,8:00:00 PM,เลขที่ 46/13 หมู่ที่ 11,0,0
158,CB3158,CB3158,คลีนิกรักษาสัตว์ ไวลด์แสควร์,ลาดสวาย,อำเภอลำลูกกา,ปทุมธานี,130602,12150,"วันจันทร์, วันพุธ, วันพฤหัส, วันศุกร์, วันเสาร์, วันอาทิตย์",9:00:00 AM,8:00:00 PM,98/104 ถ.สวนเกษตร,0,0
159,CB3159,CB3159,บำรุงสุข รักษาสัตว์,แปลงยาว,อำเภอแปลงยาว,ฉะเชิงเทรา,240901,24190,ทุกวัน,8:00:00 AM,8:00:00 PM,68 ม.5,0,0
160,CB3160,CB3160,โรงพยาบาลสตว์กรุงเทพ-นครินทร์,แขวงอ่อนนุช,เขตสวนหลวง,กรุงเทพมหานคร,103402,10250,ทุกวัน,9:00:00 AM,8:00:00 PM,1105 ถ.ศรีนครินทร์ (ปากซอย 39),0,0
161,CB3161,CB3161,เว็ทตี้รักษาสัตว์,คูคต,อำเภอลำลูกกา,ปทุมธานี,130601,12130,ทุกวัน,9:00:00 AM,9:00:00 PM,19/34 ลำลูกกา 13,0,0
162,CB3162,CB3162,โรงพยาบาลสัตว์สวนสยาม,แขวงคันนายาว,เขตคันนายาว,กรุงเทพมหานคร,104301,10230,ทุกวัน,9:00:00 AM,9:00:00 PM,109/122 ถ.สวนสยาม,0,0
163,CB3163,CB3163,โรงพยาบาลสัตว์ โมทิเว็ท,แขวงหนองบอน,เขตประเวศ,กรุงเทพมหานคร,103202,10250,ทุกวัน,12:00:00 AM,12:00:00 AM,เลขที่ 148 ถนนเฉลิมพระเกียรติ ร.9,0,0
164,CB3164,CB3164,Chubby Pet store ร้านอาหารสัตว์&วัคซีน,แขวงสามวาตะวันตก,เขตคลองสามวา,กรุงเทพมหานคร,104601,10510,"วันจันทร์, วันอังคาร, วันพุธ, วันพฤหัส, วันศุกร์, วันเสาร์",10:00:00 AM,8:00:00 PM,55/61 ซ.เลี่ยบคลองสอง 23,0,0
165,CB3165,CB3165,Little Tail Pet Care Services (ลิตเติล เทล),แขวงหัวหมาก,เขตบางกะปิ,กรุงเทพมหานคร,100608,10240,ทุกวัน,10:00:00 AM,9:00:00 PM,241 ถ.ศรีนครินทร์-ร่มเกล้า,0,0
166,CB3166,CB3166,โรงพยาบาลสัตว์อเมโซเนีย,แขวงมีนบุรี,เขตมีนบุรี,กรุงเทพมหานคร,101001,10510,ทุกวัน,10:00:00 AM,9:00:00 PM,เลขที่ 15/9 ถนนนิมิตใหม่,0,0
167,CB3167,CB3167,สัตวแพทย์ 20,แขวงสวนหลวง,เขตสวนหลวง,กรุงเทพมหานคร,103401,10250,"วันจันทร์, วันอังคาร, วันพฤหัส, วันศุกร์, วันเสาร์, วันอาทิตย์",,,897 ถ.ศรีนครินทร์,0,0
168,CB3168,CB3168,โรงพยาบาลสัตว์สุขุมวิท,แขวงพระโขนงเหนือ,เขตวัฒนา,กรุงเทพมหานคร,103903,10110,ทุกวัน,9:00:00 AM,9:00:00 PM,เลขที่ 592 ถนนสุขุมวิท 71,0,0
169,CB3169,CB3169,ไทยรามัญสัตวแพทย์,แขวงสามวาตะวันตก,เขตคลองสามวา,กรุงเทพมหานคร,104601,10510,"วันอังคาร, วันพุธ, วันพฤหัส, วันศุกร์, วันเสาร์, วันอาทิตย์",9:00:00 AM,8:00:00 PM,8/12 ถ.ไทยรามัญ,0,0
170,CB3170,CB3170,โรงพยาบาลสัตว์ครอบครัวสี่ขา,แขวงจตุจักร,เขตจตุจักร,กรุงเทพมหานคร,103005,10900,ทุกวัน,9:00:00 AM,9:00:00 PM,22 ซ.พหลโยธินกอล์ฟ,0,0
171,CB3171,CB3171,โรงพยาบาลสัตว์เพ็ทบุรี,หน้าเมือง,อำเภอเมืองฉะเชิงเทรา,ฉะเชิงเทรา,240101,24000,ทุกวัน,12:00:00 AM,12:00:00 AM,1372/3 ถ.เทพคุณากร,0,0
172,CB3172,CB3172,มิตรไมตรีสัตวแพทย์,แขวงหนองจอก,เขตหนองจอก,กรุงเทพมหานคร,100302,10530,"วันจันทร์, วันอังคาร, วันพฤหัส, วันศุกร์, วันเสาร์, วันอาทิตย์",9:00:00 AM,8:00:00 PM,24/7 หมู่ 10 ถนนมิตรไมตรี (คู้ซ้าย) ซอยมิตรไมตรี 6/4 หน้าหมู่บ้านนนทวีวิลล์ 5,0,0
173,CB3173,CB3173,คลินิกรักษาสัตว์พลูโตเฮ้าส์,หน้าเมือง,อำเภอเมืองฉะเชิงเทรา,ฉะเชิงเทรา,240101,24000,"วันจันทร์, วันอังคาร, วันพุธ, วันศุกร์, วันเสาร์, วันอาทิตย์",9:00:00 AM,8:00:00 PM,เลขที่ 1/84 ถนนศรีโสธรตัดใหม่,0,0
174,CB3174,CB3174,มาร์เวลล์ 24 เพ็ทช็อป,แขวงรามอินทรา,เขตคันนายาว,กรุงเทพมหานคร,104302,10230,ทุกวัน,9:30:00 AM,8:30:00 PM,เลขที่ 108 ถนนรามอินทรา,0,0
175,CB3175,CB3175,คลินิกเพ็ทคอนเน็กต์รักษาสัตว์,บางเมืองใหม่,อำเภอเมืองสมุทรปราการ,สมุทรปราการ,110114,10270,,,,95/2 ซ.ทิพวัล43,0,0
176,CB3176,CB3176,คลินิกรักษาสัตว์เพอร์ริ่งเพ็ท,แขวงทับช้าง,เขตสะพานสูง,กรุงเทพมหานคร,104403,10250,"วันจันทร์, วันอังคาร, วันพฤหัส, วันศุกร์, วันเสาร์, วันอาทิตย์",9:00:00 AM,7:00:00 PM,1/9 โครงการเดอะสเตชั่น ห้อง B5 ถ.ศรีนครินทร์-ร่มเกล้า,0,0
177,CB3177,CB3177,โรงพยาบาลแมวเพอร์เฟกต์แคท,แขวงมีนบุรี,เขตมีนบุรี,กรุงเทพมหานคร,101001,10510,"วันอังคาร, วันพุธ, วันพฤหัส, วันศุกร์, วันเสาร์, วันอาทิตย์",9:00:00 AM,7:00:00 PM,2/5 ถ.รามคำแหง,0,0
178,CS1178,CS1178,โรงพยาบาลสัตว์เจ้าฟ้าอันดามัน,ฉลอง,อำเภอเมืองภูเก็ต,ภูเก็ต,830106,83130,ทุกวัน,9:00:00 AM,7:00:00 PM,"8,8/28-29 ม.9",0,0
179,CS1179,CS1179,เพื่อนสัตว์นราธิวาส,บางนาค,อำเภอเมืองนราธิวาส,นราธิวาส,960101,96000,ปิดวันอาทิตย์,8:00:00 AM,8:00:00 PM,39/2 ถ.สุริยประดิษฐ์,0,0
180,CS1180,CS1180,โรงพยาบาลสัตว์ภูเก็ต,วิชิต,อำเภอเมืองภูเก็ต,ภูเก็ต,830105,83000,ปิดวันอาทิตย์,9:00:00 AM,7:00:00 PM,69 ม.2 ถ.เจ้าฟ้า,0,0
181,CS1181,CS1181,โรงพยาบาลสัตว์ หมอสุรศักดิ์และเพื่อน,หาดใหญ่,อำเภอหาดใหญ่,สงขลา,901101,90110,ทุกวัน,8:30:00 AM,8:30:00 PM,1578 ถ.กาญจนวนิช,0,0
182,CS1182,CS1182,โรงพยาบาลสัตว์ทองหล่อ ฉลอง ภูเก็ต,ฉลอง,อำเภอเมืองภูเก็ต,ภูเก็ต,830106,83130,ทุกวัน,12:00:00 AM,12:00:00 AM,27/10 ม.7,0,0
183,CS1183,CS1183,สถานพยาบาลสัตว์ ดร.เพ็ท,หาดใหญ่,อำเภอหาดใหญ่,สงขลา,901101,90110,ทุกวัน,10:00:00 AM,10:00:00 PM,41/201-202,0,0
184,CS1184,CS1184,สถาปนาสัตวแพทย์,ปากแพรก,อำเภอทุ่งสง,นครศรีธรรมราช,800901,80110,ทุกวัน,8:00:00 AM,8:00:00 PM,163/2 ถ.เปรมประชา,0,0
185,CS1185,CS1185,โรงพยาบาลสัตว์กรุงเทพกระบี่,กระบี่ใหญ่,อำเภอเมืองกระบี่,กระบี่,810102,81000,ทุกวัน,9:00:00 AM,8:00:00 PM,48 ถ.มหาราช,0,0
186,CS1186,CS1186,โรงพยาบาลสัตว์ศิริราษฎร์,ท้ายช้าง,อำเภอเมืองพังงา,พังงา,820101,82000,ทุกวัน,8:00:00 AM,8:00:00 PM,15/3 ถ.ศิริราษฎร์,0,0
187,CS1187,CS1187,เจ แอนด์ ดี คลินิกรักษาสัตว์,ฉลอง,อำเภอเมืองภูเก็ต,ภูเก็ต,830106,83130,ปิดวันจันทร์,9:00:00 AM,8:00:00 PM,12/18 ม.2,0,0
188,CS1188,CS1188,โรงพยาบาลสัตว์หมอกิตติ,บ่อยาง,อำเภอเมืองสงขลา,สงขลา,900101,90000,ปิดวันอาทิตย์,9:00:00 AM,7:00:00 PM,511/7-8 ถ.ไทรบุรี,0,0
189,CS1189,CS1189,ลายันสัตวแพทย์,เทพกระษัตรี,อำเภอถลาง,ภูเก็ต,830301,83110,ทุกวัน,9:00:00 AM,7:00:00 PM,185/53-54 ม.4,0,0
190,CS1190,CS1190,อานนท์สัตวแพทย์,ศรีสุนทร,อำเภอถลาง,ภูเก็ต,830302,83110,ปิดวันจันทร์,9:30:00 AM,7:00:00 PM,236/10 ม.3,0,0
191,CS1191,CS1191,คลินิกสัตว์เทพกระษัตรี,ศรีสุนทร,อำเภอถลาง,ภูเก็ต,830302,83110,"วันจันทร์, วันอังคาร, วันพฤหัส, วันศุกร์, วันเสาร์, วันอาทิตย์",9:00:00 AM,7:00:00 PM,59/10 ม.5,0,0
192,CS1192,CS1192,หาดสุรินทร์รักษาสัตว์,เชิงทะเล,อำเภอถลาง,ภูเก็ต,830303,83110,"วันจันทร์, วันอังคาร, วันพุธ, วันพฤหัส, วันศุกร์, วันเสาร์",9:00:00 AM,6:00:00 PM,8/48 ม.3,0,0
193,CS1193,CS1193,คลินิกรักษาสัตว์ด็อคแอนด็อกค,ตลาดเหนือ,อำเภอเมืองภูเก็ต,ภูเก็ต,830102,83000,ปิดวันอาทิตย์,9:00:00 AM,8:00:00 PM,27/7 ถ.เจ้าฟ้าตะวันออก,0,0
194,CS1194,CS1194,คลินิกรักษาสัตว์หมอเลี้ยบ,หาดใหญ่,อำเภอหาดใหญ่,สงขลา,901101,90110,ทุกวัน,9:00:00 AM,7:00:00 PM,1060/1 ถ.เพชรเกษม,0,0
195,CS1195,CS1195,โรงพยาบาลสัตว์สิชล,สิชล,อำเภอสิชล,นครศรีธรรมราช,801401,80120,ทุกวัน,8:30:00 AM,7:30:00 PM,101/25 ม.1,0,0
196,CS1196,CS1196,คลีนิกหมอปูสัตวแพทย์,ราไวย์,อำเภอเมืองภูเก็ต,ภูเก็ต,830107,83130,ปิดวันอาทิตย์,9:00:00 AM,7:00:00 PM,3/9 ม.4 ถ.ใสยวน,0,0
197,CS1197,CS1197,คลินิกย่านตาขาวสัตวแพทย์,ย่านตาขาว,อำเภอย่านตาขาว,ตรัง,920301,92140,ปิดวันอาทิตย์,8:00:00 AM,7:00:00 PM,201/20 ม.1 ถ.ตรัง-ปะเหลี่ยน,0,0
198,CS1198,CS1198,คลองเรียนสัตวแพทย์,หาดใหญ่,อำเภอหาดใหญ่,สงขลา,901101,90110,ปิดวันจันทร์,9:00:00 AM,8:00:00 PM,62 ถ.คลองเรียน,0,0
199,CS1199,CS1199,โรงพยาบาลสัตว์พลพิชัยสัตวแพทย์,หาดใหญ่,อำเภอหาดใหญ่,สงขลา,901101,90110,ทุกวัน,8:30:00 AM,12:00:00 AM,คลินิกพลพิชัย สัตว์แพทย์,0,0
200,CS1200,CS1200,นนทรีสัตวแพทย์,ปากแพรก,อำเภอทุ่งสง,นครศรีธรรมราช,800901,80110,"วันจันทร์, วันอังคาร, วันพุธ, วันพฤหัส, วันศุกร์, วันเสาร์",8:00:00 AM,7:00:00 PM,16 ถ.เวชพฤกษ์พิทักษ์,0,0
201,CS1201,CS1201,ทุ่งสงโภคภัณฑ์,ชะมาย,อำเภอทุ่งสง,นครศรีธรรมราช,800902,80110,ทุกวัน,8:00:00 AM,6:00:00 PM,209/1 ม.2,0,0
202,CS1202,CS1202,บอลสัตวแพทย์,เหนือคลอง,อำเภอเหนือคลอง,กระบี่,810801,81130,ทุกวัน,8:00:00 AM,6:30:00 PM,925/3 ถ.เพชรเกษม,0,0
203,CS1203,CS1203,โรงพยาบาลสัตว์ คณะสัตวแพทยศาสตร์ มหาวิทยาลัยสงขลานครินทร์,คอหงส์,อำเภอหาดใหญ่,สงขลา,901104,90110,ทุกวัน,8:00:00 AM,6:00:00 PM,มหาวิทยาลัยสงขลานครินทร์,0,0
204,CS1204,CS1204,คลินิกร่อนพิบูลย์สัตวแพทย์,ร่อนพิบูลย์,อำเภอร่อนพิบูลย์,นครศรีธรรมราช,801301,80130,"วันจันทร์, วันอังคาร, วันพฤหัส, วันศุกร์, วันเสาร์, วันอาทิตย์",8:30:00 AM,7:00:00 PM,613/11 ม.13,0,0
205,CS1205,CS1205,นาหม่อมสัตวแพทย์,นาหม่อม,อำเภอนาหม่อม,สงขลา,901201,90310,ปิดวันพฤหัสบดี,9:00:00 AM,7:30:00 PM,19/5 ม.8,0,0
206,CS1206,CS1206,โรงพยาบาลสัตว์เว็ทเมด,เขารูปช้าง,อำเภอเมืองสงขลา,สงขลา,900102,90000,ทุกวัน,8:00:00 AM,8:00:00 PM,เลขประจำผู้เสียภาษี 0905557001117,0,0
207,CS1207,CS1207,พีต้า,คอหงส์,อำเภอหาดใหญ่,สงขลา,901104,90110,ทุกวัน,10:00:00 AM,8:00:00 PM,438 ถ.ปุณณกัณฑ์,0,0
208,CS1208,CS1208,คลินิกหมอแอร์รักษาสัตว์,บางนาค,อำเภอเมืองนราธิวาส,นราธิวาส,960101,96000,ทุกวัน,9:00:00 AM,6:30:00 PM,105/1 ถ.สุริยะประดิษฐ์,0,0
209,CS1209,CS1209,โรงพยาบาลสัตว์ท่าสะอ้าน,เขารูปช้าง,อำเภอเมืองสงขลา,สงขลา,900102,90000,ทุกวัน,8:00:00 AM,8:00:00 PM,129/129 ประสานมิตร ซ.1,0,0
210,CS1210,CS1210,โรงพยาบาลสัตว์แม่หลวน,ตลาดเหนือ,อำเภอเมืองภูเก็ต,ภูเก็ต,830102,83000,ทุกวัน,8:30:00 AM,10:30:00 PM,18/20 ถ.แม่หลวน,0,0
211,CS1211,CS1211,คลินิกปันรักษ์สัตวแพทย์,สะเตง,อำเภอเมืองยะลา,ยะลา,950101,95000,ทุกวัน,8:00:00 AM,8:00:00 PM,917 ถ.ผังเมือง4,0,0
212,CS1212,CS1212,คลินิกเพียงรักษ์สัตวแพทย์,ปากน้ำ,อำเภอเมืองกระบี่,กระบี่,810101,81000,ปิดวันอาทิตย์,8:30:00 AM,8:30:00 PM,46/5 ถ.กระบี่,0,0
213,CS1213,CS1213,คลินิกบ้านรักษ์สัตว์รัตภูมิ,กำแพงเพชร,อำเภอรัตภูมิ,สงขลา,900901,90180,ปิดวันอาทิตย์,8:30:00 AM,6:00:00 PM,401/7 ม.1,0,0
214,CS1214,CS1214,คลินิกหมอแป้งรักษาสัตว์,ถ้ำน้ำผุด,อำเภอเมืองพังงา,พังงา,820103,82000,"วันจันทร์, วันอังคาร, วันพุธ, วันพฤหัส, วันศุกร์, วันเสาร์",8:30:00 AM,8:30:00 PM,78/6-7 ซ.ตะกั่วป่าพัฒนา,0,0
215,CS1215,CS1215,คลินิกแม่ขรีสัตวแพทย์,ท่ามะเดื่อ,อำเภอบางแก้ว,พัทลุง,930901,93140,ทุกวัน,8:30:00 AM,7:00:00 PM,226 ม.1,0,0
216,CS1216,CS1216,ตะกั่วป่าสัตวแพทย์,บางนายสี,อำเภอตะกั่วป่า,พังงา,820502,82110,"วันจันทร์, วันพุธ, วันพฤหัส, วันศุกร์, วันเสาร์, วันอาทิตย์",9:00:00 AM,6:00:00 PM,7/34 ม.2 ถ.วงศ์พาณิชย์,0,0
217,CS1217,CS1217,โรงพยาบาลสัตว์ศรีตรัง,ทับเที่ยง,อำเภอเมืองตรัง,ตรัง,920101,92000,ทุกวัน,8:00:00 AM,8:00:00 PM,251 ถนนกันตัง,0,0
218,CS1218,CS1218,PIPC,ศรีสุนทร,อำเภอถลาง,ภูเก็ต,830302,83110,ทุกวัน,10:00:00 AM,8:00:00 PM,เลขที่ 191 หมู่ที่ 7,0,0
219,CS1219,CS1219,คลินิกสัตว์เมืองสงขลา,พะวง,อำเภอเมืองสงขลา,สงขลา,900104,90000,ปิดวันจันทร์,9:00:00 AM,8:00:00 PM,148/4 ม.3,0,0
220,CS1220,CS1220,คลินิกรักษาสัตว์หมอเมย์,บ้านพรุ,อำเภอหาดใหญ่,สงขลา,901116,90250,ทุกวัน,9:00:00 AM,9:00:00 PM,434/3 ถ.กาญจนวนิช,0,0
221,CS1221,CS1221,คลินิกเลิฟเพ็ทรักษาสัตว์,สุไหงโก-ลก,อำเภอสุไหงโก-ลก,นราธิวาส,961001,96120,"วันจันทร์, วันอังคาร, วันพุธ, วันพฤหัส, วันเสาร์, วันอาทิตย์",9:00:00 AM,6:00:00 PM,105 ถ.ลูกเสืออนุสรณ์,0,0
222,CS1222,CS1222,โรงพยาบาลสัตว์กะทู้,กะทู้,อำเภอกะทู้,ภูเก็ต,830201,83120,ทุกวัน,9:00:00 AM,7:00:00 PM,เลขที่ 15/28 หมู่ที่ 1,0,0
223,CS1223,CS1223,วัสมน เว็ทคลินิก,พิมาน,อำเภอเมืองสตูล,สตูล,910101,91000,ทุกวัน,9:00:00 AM,7:00:00 PM,24/38 ถ.สตูลธานี,0,0
224,CS1224,CS1224,คลินิกรักษาสัตว์เวทแคร์,อุโมงค์,อำเภอเมืองลำพูน,ลำพูน,510103,51000,ทุกวัน,8:00:00 AM,8:00:00 PM,197 ม.6,0,0
225,CS1225,CS1225,ห้วยยอดสัตวแพทย์,ห้วยยอด,อำเภอห้วยยอด,ตรัง,920601,92130,"วันจันทร์, วันอังคาร, วันพฤหัส, วันศุกร์, วันเสาร์, วันอาทิตย์",8:30:00 AM,6:00:00 PM,240 ถ.เพชรเกษม,0,0
226,CS1226,CS1226,บ้านหมอรักษาสัตว์แม่เปียะ,คลองหรัง,อำเภอนาหม่อม,สงขลา,901204,90310,ทุกวัน,9:00:00 AM,9:00:00 PM,37/6 ม.3,0,0
227,CS1227,CS1227,คลินิกรักษาสัตว์หมอโบว์,ปากน้ำ,อำเภอเมืองกระบี่,กระบี่,810101,81000,ทุกวัน,9:00:00 AM,7:00:00 PM,228/5 ถ.มหาราช,0,0
228,CS1228,CS1228,คลินิกบ้านมะลิรักษาสัตว์,เขารูปช้าง,อำเภอเมืองสงขลา,สงขลา,900102,90000,ทุกวัน,8:30:00 AM,8:00:00 PM,4/18 ม.3,0,0
229,CS1229,CS1229,บ้านหมอมดแดงรักสัตว์,สะเตง,อำเภอเมืองยะลา,ยะลา,950101,95000,ทุกวัน,8:30:00 AM,8:00:00 PM,369 ถ.ผังเมือง 4,0,0
230,CS1230,CS1230,บ้านหมอรักษาสัตว์,ในเมือง,อำเภอเมืองนครศรีธรรมราช,นครศรีธรรมราช,800101,80000,"วันอังคาร, วันพุธ, วันพฤหัส, วันศุกร์, วันเสาร์, วันอาทิตย์",9:00:00 AM,9:00:00 PM,632/15 ซ.แม่ม่วง ถ.ราชดำเนิน,0,0
231,CS1231,CS1231,โรงพยาบาลสัตว์รัษฎา,รัษฎา,อำเภอเมืองภูเก็ต,ภูเก็ต,830104,83000,ทุกวัน,9:00:00 AM,10:30:00 PM,เลขที่ 66/63 หมู่ที่ 2,0,0
232,CS1232,CS1232,ธรรมชาติสัตวแพทย์,ทับเที่ยง,อำเภอเมืองตรัง,ตรัง,920101,92000,ปิดวันอาทิตย์,9:00:00 AM,7:00:00 PM,253/8 ถ.กันตัง,0,0
233,CE1233,CE1233,โรงพยาบาลสัตว์พนัส ,พนัสนิคม,อำเภอพนัสนิคม,ชลบุรี,200601,20140,"วันอังคาร, วันพุธ, วันพฤหัส, วันศุกร์, วันเสาร์, วันอาทิตย์",8:30:00 AM,7:00:00 PM,17/1-17/2 ถ.จารุวร,0,0
234,CE1234,CE1234,คลีนิคสัตว์เลี้ยงแสนรัก,ศรีราชา,อำเภอศรีราชา,ชลบุรี,200701,20110,ทุกวัน,9:00:00 AM,8:00:00 PM,107 โครงการศรีราชานคร ซ.2,0,0
235,CE1235,CE1235,โรงพยาบาลสัตว์บ้านแก้ว,ท่าช้าง,อำเภอเมืองจันทบุรี,จันทบุรี,220106,22000,ทุกวัน,8:00:00 AM,10:00:00 PM,2/40-41 ม.บ้านแก้ววิลล่า,0,0
236,CE1236,CE1236,เมืองชลสัตวรักษ์ ,บ้านโขด,อำเภอเมืองชลบุรี,ชลบุรี,200103,20000,"วันจันทร์, วันอังคาร, วันพุธ, วันพฤหัส, วันศุกร์, วันเสาร์",9:00:00 AM,7:00:00 PM,"เลขที่ 843/2,843/70 ซอยตลาดใหม่",0,0
237,CE1237,CE1237,เนินสูงรักษาสัตว์,เขาบายศรี,อำเภอท่าใหม่,จันทบุรี,220307,22120,"วันจันทร์, วันอังคาร, วันพุธ, วันพฤหัส, วันศุกร์, วันเสาร์",8:00:00 AM,8:00:00 PM,6/2 ม.6 ถ.สุขุมวิท,0,0
238,CE1238,CE1238,เนินพลับหวานสัตวแพทย์,หนองปรือ,อำเภอบางละมุง,ชลบุรี,200402,20150,"วันจันทร์, วันอังคาร, วันพุธ, วันพฤหัส, วันศุกร์, วันเสาร์",9:00:00 AM,8:00:00 PM,13/3 ม.5 ซ.เนินพลับหวาน,0,0
239,CE1239,CE1239,แสนตุ้งสัตวแพทย์,แสนตุ้ง,อำเภอเขาสมิง,ตราด,230302,23130,ทุกวัน,8:30:00 AM,7:30:00 PM,114/8 ม.9,0,0
240,CE1240,CE1240,เพ็ทแคร์,ท่าประดู่,อำเภอเมืองระยอง,ระยอง,210101,21000,"วันจันทร์, วันอังคาร, วันพุธ, วันพฤหัส, วันศุกร์, วันเสาร์",9:00:00 AM,7:30:00 PM,8/26 ซ.ศูนย์กาาค้าสาย4,0,0
241,CE1241,CE1241,พยูนสัตวแพทย์,บ้านฉาง,อำเภอบ้านฉาง,ระยอง,210203,21130,"วันจันทร์, วันพุธ, วันพฤหัส, วันศุกร์, วันเสาร์, วันอาทิตย์",9:30:00 AM,8:00:00 PM,145 ม.5,0,0
242,CE1242,CE1242,โรงพยาบาลสัตว์ศรีราชาเพ็ทแคร์,ศรีราชา,อำเภอศรีราชา,ชลบุรี,200701,20110,ทุกวัน,7:00:00 AM,11:00:00 PM,137/13-14,0,0
243,CE1243,CE1243,โรงพยาบาลสัตว์พัทยาเหนือ,นาเกลือ,อำเภอบางละมุง,ชลบุรี,200408,20150,ทุกวัน,8:00:00 AM,8:00:00 PM,120/20 ม.6,0,0
244,CE1244,CE1244,โรงพยาบาลเพื่อนสัตว์เลี้ยง ศรีราชา,สุรศักดิ์,อำเภอศรีราชา,ชลบุรี,200702,20110,ทุกวัน,12:00:00 AM,12:00:00 AM,1/16 ม.4,0,0
245,CE1245,CE1245,ด๊อกคลับ เพ็ทชอป & คลีนิค,เนินพระ,อำเภอเมืองระยอง,ระยอง,210109,21000,ทุกวัน,9:00:00 AM,7:00:00 PM,338/3 ถ.สุขุมวิท,0,0
246,CE1246,CE1246,โรงพยาบาลสัตว์บ้านหมอรักษ์สัตว์ (พัทยา),หนองปรือ,อำเภอบางละมุง,ชลบุรี,200402,20150,"วันจันทร์, วันอังคาร, วันพุธ, วันพฤหัส, วันศุกร์, วันเสาร์",10:00:00 AM,9:00:00 PM,107/27 ม.13 ถ.เลียบทางรถไฟ,0,0
247,CE1247,CE1247,ศักดารักษาสัตว์,วังกระแจะ,อำเภอเมืองตราด,ตราด,230107,23000,ทุกวัน,8:00:00 AM,7:00:00 PM,80/22 ถ.สุขุมวิท,0,0
248,CE1248,CE1248,คลินิกสุขภาพสัตว์หมากับแมว,นิคมพัฒนา,อำเภอนิคมพัฒนา,ระยอง,210801,21180,ทุกวัน,10:00:00 AM,8:00:00 PM,34/5 ม.1,0,0
249,CE1249,CE1249,คลินิกรักษาสัตว์เพ็ทเลิฟเวอร์,บ้านบึง,อำเภอบ้านบึง,ชลบุรี,200201,20170,ทุกวัน,7:00:00 AM,7:00:00 PM,126 ถ.สุรพลชัย,0,0
250,CE1250,CE1250,เกษมสุขรักษาสัตว์,หนองตำลึง,อำเภอพานทอง,ชลบุรี,200502,20160,"วันจันทร์, วันอังคาร, วันพุธ, วันพฤหัส, วันเสาร์, วันอาทิตย์",9:00:00 AM,8:00:00 PM,116/19-20 ม.1,0,0
251,CE1251,CE1251,บ้านบึงสัตวแพทย์,บ้านบึง,อำเภอบ้านบึง,ชลบุรี,200201,20170,ทุกวัน,8:30:00 AM,5:30:00 PM,368 ศูนย์การค้าวิศิษฐ์ชัย,0,0
252,CE1252,CE1252,คลินิกสะพานสี่บ้านรักษ์สัตว์,มาบยางพร,อำเภอปลวกแดง,ระยอง,210605,21140,,,,คลินิกสะพานสี่บ้านรักษ์สัตว์,0,0
253,CE1253,CE1253,นานาเพ็ทแคร์รักษาสัตว์ (หมอก้อง),จันทนิมิต,อำเภอเมืองจันทบุรี,จันทบุรี,220107,22000,ทุกวัน,9:00:00 AM,8:00:00 PM,นานาเพ็ทแคร์,0,0
254,CE1254,CE1254,คลินิกแฟมิลี่ สัตวแพทย์,นาป่า,อำเภอเมืองชลบุรี,ชลบุรี,200107,20000,ทุกวัน,8:30:00 AM,8:30:00 PM,4/1 ถ.สุขประยูร,0,0
255,CE1255,CE1255,โรงพยาบาลสัตว์สัตหีบ,สัตหีบ,อำเภอสัตหีบ,ชลบุรี,200901,20180,ทุกวัน,8:00:00 AM,12:00:00 AM,188/4-5 ถ.สุขุมวิท,0,0
256,CE1256,CE1256,โรงพยาบาลสัตว์เมตตากรณ์,ท่าประดู่,อำเภอเมืองระยอง,ระยอง,210101,21000,ทุกวัน,9:00:00 AM,9:00:00 PM,7/1 ถ.ภัคดีบรีรักษ์,0,0
257,CE1257,CE1257,ชลบุรีเภสัช,บ้านโขด,อำเภอเมืองชลบุรี,ชลบุรี,200103,20000,"วันจันทร์, วันอังคาร, วันพุธ, วันพฤหัส, วันศุกร์, วันเสาร์",8:00:00 AM,4:30:00 PM,"593,595  ถ.พิพิธ",0,0
258,CE1258,CE1258,โรงพยาบาลสัตว์ต้นรัก,สัตหีบ,อำเภอสัตหีบ,ชลบุรี,200901,20180,ทุกวัน,8:00:00 AM,9:00:00 PM,222/10-11 ม.9,0,0
259,CE1259,CE1259,โรงพยาบาลสัตว์บ้านฉางพลา,พลา,อำเภอบ้านฉาง,ระยอง,210202,21130,ทุกวัน,8:00:00 AM,8:00:00 PM,เลขที่ 174/9 หมู่ที่ 3,0,0
260,CE1260,CE1260,โรงพยาบาลสัตว์เมืองตราด,วังกระแจะ,อำเภอเมืองตราด,ตราด,230107,23000,"วันจันทร์, วันอังคาร, วันพุธ, วันพฤหัส, วันศุกร์, วันเสาร์",8:00:00 AM,6:00:00 PM,125/1 ม.2,0,0
261,CE1261,CE1261,โรงพยาบาลสัตว์ โปรเวท พนัสนิคม,พนัสนิคม,อำเภอพนัสนิคม,ชลบุรี,200601,20140,ทุกวัน,8:30:00 AM,8:30:00 PM,28/38-39 ถ.เทศบาลพัฒนา,0,0
262,CE1262,CE1262,พัทยาสัตวแพทย์,นาเกลือ,อำเภอบางละมุง,ชลบุรี,200408,20150,ทุกวัน,9:00:00 AM,8:00:00 PM,เลขที่ 157/15 หมู่ที่ 5,0,0
263,CE1263,CE1263,โรงพยาบาลสัตว์เนินพลับหวาน,หนองปรือ,อำเภอบางละมุง,ชลบุรี,200402,20150,ทุกวัน,12:00:00 AM,12:00:00 AM,21/97-100 ม.5,0,0
264,CE1264,CE1264,โรงพยาบาลสัตว์เมืองใหม่,เสม็ด,อำเภอเมืองชลบุรี,ชลบุรี,200116,20000,ทุกวัน,8:30:00 AM,8:30:00 PM,"111/3,5 ม.1 ถ.พระยาสัจจา",0,0
265,CE1265,CE1265,คลินิกสัตวแพทย์ชุมชน,หนองปรือ,อำเภอบางละมุง,ชลบุรี,200402,20260,ทุกวัน,5:00:00 PM,9:00:00 PM,175/62 ม.10 ซ.กอไผ่,0,0
266,CE1266,CE1266,สมาร์ทแคร์สัตวแพทย์,บางเสร่,อำเภอสัตหีบ,ชลบุรี,200904,20250,ทุกวัน,9:00:00 AM,8:00:00 PM,133/25 ม.8,0,0
267,CE1267,CE1267,โรงพยาบาลสัตว์เพิ่มพูนรักษ์สัตว์,เชิงเนิน,อำเภอเมืองระยอง,ระยอง,210102,21000,ทุกวัน,8:00:00 AM,9:00:00 PM,211/22 ถ.ราษฎร์อุทิศ,0,0
268,CE1268,CE1268,โรงพยาบาลสัตว์โปรเวท จันทบุรี,วัดใหม่,อำเภอเมืองจันทบุรี,จันทบุรี,220102,22000,ทุกวัน,8:30:00 AM,10:30:00 PM,29/28-29 ถ.พระยาตรัง,0,0
269,CE1269,CE1269,โรงพยาบาลสัตว์เมืองชล,ห้วยกะปิ,อำเภอเมืองชลบุรี,ชลบุรี,200115,20000,ทุกวัน,8:00:00 AM,8:00:00 PM,22/89 ม.1,0,0
270,CE1270,CE1270,คลินิกเพื่อนสัตว์เลี้ยง หนองยายบู่,สุรศักดิ์,อำเภอศรีราชา,ชลบุรี,200702,20110,ทุกวัน,9:00:00 AM,9:00:00 PM,291/23-24 ม.8,0,0
271,CE1271,CE1271,คลินิกปัญญาสร้างรักษาสัตว์,ปลวกแดง,อำเภอปลวกแดง,ระยอง,210601,21140,"วันอังคาร, วันพุธ, วันพฤหัส, วันศุกร์, วันเสาร์, วันอาทิตย์",9:30:00 AM,8:00:00 PM,287 ม.1 ถ.เทศบาลพัฒนา,0,0
272,CE1272,CE1272,โรงพยาบาลสัตว์อุ้มรัก,เสม็ด,อำเภอเมืองชลบุรี,ชลบุรี,200116,20000,ทุกวัน,12:00:00 AM,12:00:00 AM,เลขที่ 90/380-381 หมู่ที่ 3,0,0
273,CE1273,CE1273,คลินิกบ้านหมอสัตวแพทย์,แสนสุข,อำเภอเมืองชลบุรี,ชลบุรี,200104,20130,ทุกวัน,9:00:00 AM,9:00:00 PM,48/1 ถ.สุขุมวิท,0,0
274,CE1274,CE1274,คลินิกโป่งน้ำร้อนรักษาสัตว์,ทับไทร,อำเภอโป่งน้ำร้อน,จันทบุรี,220401,22140,"วันจันทร์, วันอังคาร, วันพฤหัส, วันศุกร์, วันเสาร์, วันอาทิตย์",8:30:00 AM,7:00:00 PM,362/2 ม.1,0,0
275,CE1275,CE1275,โรงพยาบาลสัตว์มาบยางพร,มาบยางพร,อำเภอปลวกแดง,ระยอง,210605,21140,ทุกวัน,9:00:00 AM,8:00:00 PM,188/3 ม.6,0,0
276,CE1276,CE1276,คลินิกหมอลินรักษาสัตว์,นาป่า,อำเภอเมืองชลบุรี,ชลบุรี,200107,20000,ทุกวัน,8:30:00 AM,7:00:00 PM,72/13 ม.2 ถ.สุขสามารถ,0,0
277,CE1277,CE1277, โรงพยาบาลสัตว์มายเพ็ท,หนองปรือ,อำเภอบางละมุง,ชลบุรี,200402,20150,ทุกวัน,9:00:00 AM,9:00:00 PM,เลขที่ 34/181 หมู่ที่ 2,0,0
278,CE1278,CE1278, โรงพยาบาลสัตว์วุฒิเลิศการุณ,มาบตาพุด,อำเภอเมืองระยอง,ระยอง,210114,21150,ทุกวัน,12:00:00 AM,12:00:00 AM,เลขที่ 198/31 ถนนวัดมาบตาพุด,0,0
279,CE1279,CE1279,โรงพยาบาลสัตว์รุ่งสวัสดิ์,วัดโบสถ์,อำเภอพนัสนิคม,ชลบุรี,200608,20140,ทุกวัน,9:00:00 AM,8:00:00 PM,58/17-18 ม.1,0,0
280,CE1280,CE1280,โรงพยาบาลสัตว์ไตรขวัญ,สุรศักดิ์,อำเภอศรีราชา,ชลบุรี,200702,20110,ทุกวัน,7:00:00 AM,10:30:00 PM,208/9-10 ม.5,0,0
281,CE1281,CE1281,นานาเพ็ทคลินิก,หนองปรือ,อำเภอบางละมุง,ชลบุรี,200402,20150,"วันจันทร์, วันอังคาร, วันพฤหัส, วันศุกร์, วันเสาร์, วันอาทิตย์",10:00:00 AM,8:00:00 PM,15/227 ซ.เขาน้อย ถ.บุญสัมพันธ์,0,0
282,CE1282,CE1282,โรงพยาบาลสัตว์บ้านบึง,บ้านบึง,อำเภอบ้านบึง,ชลบุรี,200201,20170,ทุกวัน,9:00:00 AM,9:00:00 PM,154/2 ถ.สุรพลชัย,0,0
283,CE1283,CE1283,โรงพยาบาลสัตว์แฮปปี้เพ็ท,บ้านสวน,อำเภอเมืองชลบุรี,ชลบุรี,200105,20000,ทุกวัน,9:00:00 AM,8:00:00 PM,เลขที่ 111/29 หมู่ที่ 5,0,0
284,CE1284,CE1284,ก.เพ็ทบัดดี้คลินิกและเพ็ทแคร์,เสม็ด,อำเภอเมืองชลบุรี,ชลบุรี,200116,20000,ทุกวัน,9:30:00 AM,8:00:00 PM,55/9 ม.1 ซ.ลุง 2 ถ.สุขุมวิท,0,0
285,CE1285,CE1285,บางพระสัตวแพทย์,บางพระ,อำเภอศรีราชา,ชลบุรี,200707,20230,ทุกวัน,9:00:00 AM,8:00:00 PM,บางพระสัตวแพทย์ 239/44 ม.2,0,0
286,CE1286,CE1286,โรงพยาบาลสัตว์เพ็ชรรัตน์,บ้านค่าย,อำเภอบ้านค่าย,ระยอง,210501,21120,ทุกวัน,8:30:00 AM,12:00:00 AM,87/7 ม.2,0,0
287,CE1287,CE1287,โรงพยาบาลสัตว์พร้อมมิตร,แสนสุข,อำเภอเมืองชลบุรี,ชลบุรี,200104,20130,ทุกวัน,7:00:00 AM,11:00:00 PM,75/2-4 ถ.สุขุมวิท,0,0
288,CE1288,CE1288,คลินิกเพ็ทซ่ารักษาสัตว์,หนองไม้แดง,อำเภอเมืองชลบุรี,ชลบุรี,200110,20000,ทุกวัน,10:00:00 AM,9:00:00 PM,เลขที่ 99/19 หมู่ที่ 2,0,0
289,CE1289,CE1289,คลินิกรักษาสัตว์หมอกุ้ง,วังใหม่,อำเภอนายายอาม,จันทบุรี,220906,22160,"วันจันทร์, วันพุธ, วันพฤหัส, วันศุกร์, วันเสาร์, วันอาทิตย์",8:30:00 AM,7:00:00 PM,88/5-6 ม.3 ถ.สุขุมวิท,0,0
290,CC1290,CC1290,พิชัยสัตวแพทย์,ทะเลชุบศร,อำเภอเมืองลพบุรี,ลพบุรี,160101,15000,ทุกวัน,9:00:00 AM,8:00:00 PM,2/1-3 ถ.รามเดโช,0,0
291,CC1291,CC1291,คลินิกสัตวแพทย์,ในเมือง,อำเภอเมืองเพชรบูรณ์,เพชรบูรณ์,670101,67000,ทุกวัน,10:00:00 AM,6:00:00 PM,คลีนิคสัตวแพทย์,0,0
292,CC1292,CC1292,สามชัยสัตวแพทย์,หนองหลวง,อำเภอเมืองตาก,ตาก,630102,63000,"วันจันทร์, วันอังคาร, วันพฤหัส, วันศุกร์, วันเสาร์, วันอาทิตย์",9:00:00 AM,7:30:00 PM,103-107 ถ.จอมพล,0,0
293,CC1293,CC1293,รพส.น.สพ.ชาญประเสริฐ พลชา,กุดป่อง,อำเภอเมืองเลย,เลย,420101,42000,ทุกวัน,10:00:00 AM,12:00:00 AM,18/1 ถ.มลิวรรณ,0,0
294,CC1294,CC1294,รพส.ชากังราว,ในเมือง,อำเภอเมืองกำแพงเพชร,กำแพงเพชร,620101,62000,ปิดวันจันทร์,10:00:00 AM,6:00:00 PM,643/15 ถ.เจริญสุข,0,0
295,CC1295,CC1295,คลินิกสัตว์สี่ขา,บางพุทรา,อำเภอเมืองสิงห์บุรี,สิงห์บุรี,170101,16000,"วันอังคาร, วันพุธ, วันพฤหัส, วันศุกร์, วันเสาร์, วันอาทิตย์",10:00:00 AM,7:00:00 PM,817 ถ.รัตนโกสินทร์200ปี,0,0
296,CC1296,CC1296,คลินิกรักษาสัตว์เพชรแท้,ในเมือง,อำเภอเมืองเพชรบูรณ์,เพชรบูรณ์,670101,67000,"วันจันทร์, วันอังคาร, วันพุธ, วันพฤหัส, วันศุกร์, วันเสาร์",8:30:00 AM,7:00:00 PM,470/20 ถ.เพชรเจริญ,0,0
297,CC1297,CC1297,พรทรัพย์สัตวแพทย์,หล่มสัก,อำเภอหล่มสัก,เพชรบูรณ์,670301,67110,ทุกวัน,10:00:00 AM,6:00:00 PM,183/4 ถ.วจี,0,0
298,CC1298,CC1298,น.สพ.พิงพันธ์ เจริญสุระสถล,กุดป่อง,อำเภอเมืองเลย,เลย,420101,42000,ทุกวัน,5:30:00 PM,7:00:00 PM,156 ถ.เจริญรัฐ,0,0
299,CC1299,CC1299,รพส.หมอเปรียว,บ้านกล้วย,อำเภอเมืองสุโขทัย,สุโขทัย,640106,64000,ทุกวัน,10:00:00 AM,6:00:00 PM,55/23 ถ.จรดวิถีถ่อง,0,0
300,CC1300,CC1300,หนุ่มอาหารสัตว์,หันคา,อำเภอหันคา,ชัยนาท,180601,17130,ทุกวัน,10:00:00 AM,5:00:00 PM,423/1 ม.1,0,0
301,CC1301,CC1301,บ้านเหนือสัตวแพทย์,แม่สอด,อำเภอแม่สอด,ตาก,630601,63110,ทุกวัน,10:00:00 AM,6:00:00 PM,196 ถ.อินทรคีรี,0,0
302,CC1302,CC1302,บ้านสัตวแพทย์,ท่าโรง,อำเภอวิเชียรบุรี,เพชรบูรณ์,670501,67130,ทุกวัน,10:00:00 AM,7:00:00 PM,324/1 ม.7 ถ.มรกต,0,0
303,CC1303,CC1303,น.สพ.บดินทร์ จตุรวุฒิชัย,หัวรอ,อำเภอเมืองพิษณุโลก,พิษณุโลก,650111,65000,ทุกวัน,10:00:00 AM,7:00:00 PM,บดินทร์สัตวแพทย์,0,0
304,CC1304,CC1304,ปันสุขรักษาสัตว์,ท่าทอง,อำเภอเมืองพิษณุโลก,พิษณุโลก,650105,65000,ทุกวัน,10:00:00 AM,7:00:00 PM,209/4 ถ.พิษณุโลก-วัดจุฬามณี,0,0
305,CC1305,CC1305,ป.ปลางาม,ในเมือง,อำเภอเมืองพิษณุโลก,พิษณุโลก,650101,65000,ทุกวัน,10:00:00 AM,6:00:00 PM,18/37 ถ.วิสุทธิ์กษัตริย์,0,0
306,CC1306,CC1306,คลินิคกนิษฐาสัตวแพทย์,ซับสมอทอด,อำเภอบึงสามพัน,เพชรบูรณ์,670801,67160,ทุกวัน,10:00:00 AM,6:00:00 PM,210 ม.7,0,0
307,CC1307,CC1307,เพนนีสัตวแพทย์,ท่าอิฐ,อำเภอเมืองอุตรดิตถ์,อุตรดิตถ์,530101,53000,"วันจันทร์, วันอังคาร, วันพฤหัส, วันศุกร์, วันเสาร์, วันอาทิตย์",10:00:00 AM,7:00:00 PM,246/7 ถ.บรมอาสน์,0,0
308,CC1308,CC1308,หมอชิน Happy Pet,หนองไผ่,อำเภอหนองไผ่,เพชรบูรณ์,670710,67140,ทุกวัน,10:00:00 AM,6:00:00 PM,375 ม.5,0,0
309,CC1309,CC1309,โรงพยาบาลสัตว์วังเจ้า,เชียงทอง,อำเภอวังเจ้า,ตาก,630901,63000,ทุกวัน,10:00:00 AM,6:00:00 PM,243 ม.1 ถ.วังเจ้า-นาโบสถ์,0,0
310,CC1310,CC1310,รพส.บ้านหมอโบ,เชียงคาน,อำเภอเชียงคาน,เลย,420301,42110,ทุกวัน,10:00:00 AM,6:00:00 PM,501/1 ม.6,0,0
311,CC1311,CC1311,เอแอนพีรักษาสัตว์,ในเมือง,อำเภอเมืองกำแพงเพชร,กำแพงเพชร,620101,62000,ทุกวัน,10:00:00 AM,7:00:00 PM,3  ถ.บำรุงราษร์,0,0
312,CC1312,CC1312,สุพจน์สัตวแพทย์,ในเมือง,อำเภอเมืองพิษณุโลก,พิษณุโลก,650101,65000,ทุกวัน,10:00:00 AM,7:00:00 PM,75/11-12,0,0
313,CC1313,CC1313,หมอป๋องยาสัตว์,ท่าศาลา,อำเภอเมืองลพบุรี,ลพบุรี,160115,15000,ทุกวัน,7:00:00 AM,5:00:00 PM,56/9 ม. 2,0,0
314,CC1314,CC1314,คลินิกอุ่นไอรักสัตวแพทย์,ลำนารายณ์,อำเภอชัยบาดาล,ลพบุรี,160401,15130,ทุกวัน,10:00:00 AM,6:00:00 PM,591-592 ม.8,0,0
315,CC1315,CC1315,คลินิกสัตว์เลี้ยงต้นรักษ์ ,พลายชุมพล,อำเภอเมืองพิษณุโลก,พิษณุโลก,650115,65000,ทุกวัน,8:30:00 AM,8:30:00 PM,98/92 ม.5 ถ.สิงหวัฒน์,0,0
316,CC1316,CC1316,ทับคล้อสัตวแพทย์ ,ทับคล้อ,อำเภอทับคล้อ,พิจิตร,660801,66150,ทุกวัน,10:00:00 AM,6:00:00 PM,333 ม.9 ถ.ชมฐีระเวช,0,0
317,CC1317,CC1317,ทรัพย์ทวีรักษาสัตว์,ท่าหิน,อำเภอเมืองลพบุรี,ลพบุรี,160102,15000,ทุกวัน,10:00:00 AM,7:00:00 PM,216 ถ.พระราม,0,0
318,CC1318,CC1318,โรงพยาบาลสัตว์ สุโขทัย ,ธานี,อำเภอเมืองสุโขทัย,สุโขทัย,640101,64000,ทุกวัน,10:00:00 AM,6:00:00 PM,"เลขที่ 11,13,15 ถนนบาลเมือง",0,0
319,CC1319,CC1319,คลินิกคุณจอมรักษาสัตว์,ท่าศาลา,อำเภอเมืองลพบุรี,ลพบุรี,160115,15000,ทุกวัน,10:00:00 AM,6:00:00 PM,101/5-6 ม.1 ถ.พหลโยธิน,0,0
320,CC1320,CC1320,สถานพยาบาลสัตว์โอฮาน่า,แม่สอด,อำเภอแม่สอด,ตาก,630601,63110,ทุกวัน,10:00:00 AM,6:00:00 PM,208/42 ถ.ศรีพานิช,0,0
321,CC1321,CC1321,ฟาร์มโฮมยาสัตว์,หนองตางู,อำเภอบรรพตพิสัย,นครสวรรค์,600511,60180,ทุกวัน,10:00:00 AM,5:00:00 PM,40/4 ม.1,0,0
322,CC1322,CC1322,รพส.กิตติคุณ,ในเมือง,อำเภอเมืองพิษณุโลก,พิษณุโลก,650101,65000,ทุกวัน,9:00:00 AM,10:00:00 PM,245/58 ถ.บึงพระจันทร์,0,0
323,CC1323,CC1323,โรงพยาบาลสัตว์อิงมอ,ท่าโพธิ์,อำเภอเมืองพิษณุโลก,พิษณุโลก,650106,65000,ทุกวัน,10:00:00 AM,6:00:00 PM,239/1-2,0,0
324,CC1324,CC1324,คลินิกคลองขลุงรักษาสัตว์ ,ท่ามะเขือ,อำเภอคลองขลุง,กำแพงเพชร,620502,62120,ทุกวัน,10:00:00 AM,6:00:00 PM,1329 ม.2,0,0
325,CC1325,CC1325,รพส. สถานีรักษาสัตว์ พิษณุโลก,สมอแข,อำเภอเมืองพิษณุโลก,พิษณุโลก,650107,65000,ทุกวัน,10:00:00 AM,7:00:00 PM,เลขที่ 303/91 หมู่ที่ 7,0,0
326,CC1326,CC1326,บุปผาสัตวแพทย์ สาขาศรีมาลา,ในเมือง,อำเภอเมืองพิจิตร,พิจิตร,660101,66000,ทุกวัน,10:00:00 AM,6:00:00 PM,9/54 ถ.ศรีมาลา,0,0
327,CC1327,CC1327,โรงพยาบาลสัตว์บ้านหมอโบ,เมือง,อำเภอเมืองเลย,เลย,420102,42000,ทุกวัน,10:00:00 AM,6:00:00 PM,345/4-5 ถ.เลย-เชียงคาน,0,0
328,CC1328,CC1328,สถานพยาบาลสัตว์เมืองระแหง,หนองกลับ,อำเภอหนองบัว,นครสวรรค์,600402,60110,ทุกวัน,10:00:00 AM,6:00:00 PM,325/22 ม.3,0,0
329,CC1329,CC1329,คลินิกคุณจอมรักษาสัตว์,ท่าศาลา,อำเภอเมืองลพบุรี,ลพบุรี,160115,,ทุกวัน,10:00:00 AM,6:00:00 PM,,0,0
330,CC1330,CC1330,แม่สอดเพ็ทแคร์,แม่สอด,อำเภอแม่สอด,ตาก,630601,,ทุกวัน,10:00:00 AM,6:00:00 PM,,0,0
331,CB1331,CB1331,โรงพยาบาลสัตว์สาคร,มหาชัย,อำเภอเมืองสมุทรสาคร,สมุทรสาคร,740101,74000,ทุกวัน,9:00:00 AM,9:00:00 PM,920/243-244,0,0
332,CB1332,CB1332,คลินิกหมออ้อม รักษ์สัตว์,ลาดใหญ่,อำเภอเมืองสมุทรสงคราม,สมุทรสงคราม,750103,75000,ทุกวัน,8:00:00 AM,8:00:00 PM,88/25 ถ.เอกชัย,0,0
333,CB1333,CB1333,เอกภพรักษาสัตว์,มหาชัย,อำเภอเมืองสมุทรสาคร,สมุทรสาคร,740101,74000,ทุกวัน,9:00:00 AM,7:00:00 PM,1300/107-108,0,0
334,CB1334,CB1334,โรงพยาบาลสัตว์ไอแคร์,คลองมะเดื่อ,อำเภอกระทุ่มแบน,สมุทรสาคร,740206,74110,ทุกวัน,9:00:00 AM,8:00:00 PM,99 ม.11 ถ.เศรษฐกิจ 1,0,0
335,CB1335,CB1335,โรงพยาบาลสัตว์ด็อกเตอร์เพ็ท,แขวงบางขุนศรี,เขตบางกอกน้อย,กรุงเทพมหานคร,102007,10700,ทุกวัน,9:00:00 AM,9:00:00 AM,447/28-29 ถนนจรัญสนิทวงศ์,0,0
336,CB1336,CB1336,โรงพยาบาลสัตว์เลี้ยง,แขวงคลองบางบอน,เขตบางบอน,กรุงเทพมหานคร,105005,10150,ทุกวัน,8:00:00 AM,8:00:00 PM,108/20-22 ม.4,0,0
337,CB1337,CB1337,คลินิกเพื่อนสัตว์,แขวงบางโพงพาง,เขตยานนาวา,กรุงเทพมหานคร,101204,10121,ทุกวัน ปิดวันอาทิตย์,9:30:00 AM,8:00:00 PM,604/136 ถ.สาธุประดิษฐ์,0,0
338,CB1338,CB1338,โรงพยาบาลสัตว์บางปะกอก,แขวงบางปะกอก,เขตราษฎร์บูรณะ,กรุงเทพมหานคร,102402,10140,ทุกวัน,10:00:00 AM,8:00:00 PM,575/3 ถ.สุขสวัสดิ์,0,0
339,CB1339,CB1339,เอส ที เพ็ทแคร์ รักษาสัตว์,แขวงบ้านช่างหล่อ,เขตบางกอกน้อย,กรุงเทพมหานคร,102005,10700,ทุกวัน,10:00:00 AM,8:00:00 PM,204/20 ถ.จรัญฯ,0,0
340,CB1340,CB1340,โรงพยาบาลสัตว์เพอร์เฟคเพ็ท,แขวงบางไผ่,เขตบางแค,กรุงเทพมหานคร,104003,10160,ทุกวัน,9:00:00 AM,8:00:00 PM,7/5 ถ.บางแวก,0,0
341,CB1341,CB1341,จันทน์บดินทร์สัตวแพทย์,แขวงทุ่งวัดดอน,เขตสาทร,กรุงเทพมหานคร,102801,10122,ทุกวัน,9:30:00 AM,9:00:00 PM,1158-1158/1,0,0
342,CB1342,CB1342,โรงพยาบาลสัตว์ออมสินแอนด์สตางค์,แขวงคลองบางบอน,เขตบางบอน,กรุงเทพมหานคร,105005,10150,ทุกวัน,7:00:00 AM,8:00:00 PM,96/445-6 ม.3,0,0
343,CB1343,CB1343,โรงพยาบาลสัตว์จักรพิน,แขวงทุ่งครุ,เขตทุ่งครุ,กรุงเทพมหานคร,104902,10140,ทุกวัน,9:00:00 AM,7:30:00 PM,56/82-83 ซ.ประชาอุทิศ 97/3,0,0
344,CB1344,CB1344,โรงพยาบาลสัตว์บางกอก,แขวงบางจาก,เขตภาษีเจริญ,กรุงเทพมหานคร,102206,10160,ทุกวัน,12:00:00 AM,12:00:00 PM,247/8-9-10,0,0
345,CB1345,CB1345,โรงพยาบาลสัตว์สาย 1,แขวงบางด้วน,เขตภาษีเจริญ,กรุงเทพมหานคร,102202,10160,ทุกวัน,9:00:00 AM,8:00:00 PM,186/65 ถ.พุทธมณฑล สาย 1,0,0
346,CB1346,CB1346,พุทธบูชาสัตวแพทย์,แขวงบางมด,เขตทุ่งครุ,กรุงเทพมหานคร,104901,10140,ทุกวัน,9:00:00 AM,8:00:00 PM,202/21 ม.3,0,0
347,CB1347,CB1347,โรงพยาบาลสัตว์บางแค 1,แขวงบางแค,เขตบางแค,กรุงเทพมหานคร,104001,10160,ทุกวัน,9:00:00 AM,9:00:00 PM,119/38-39,0,0
348,CB1348,CB1348,บ้านเย็นใจ คลีนิกรักษาสัตว์,แขวงศาลาธรรมสพน์,เขตทวีวัฒนา,กรุงเทพมหานคร,104802,10170,ทุกวัน,10:00:00 AM,8:00:00 PM,42/29 ถ.บรมราชชนนี,0,0
349,CB1349,CB1349,ศูนย์การสัตวแพทย์ธนบุรี,แขวงทวีวัฒนา,เขตทวีวัฒนา,กรุงเทพมหานคร,104801,10170,ทุกวัน,6:00:00 PM,9:00:00 PM,ศูนย์การสัตวแพทย์ธนบุรี,0,0
350,CB1350,CB1350,กรีนเว็ทสัตวแพทย์,แขวงบางหว้า,เขตภาษีเจริญ,กรุงเทพมหานคร,102201,10160,ทุกวัน,9:00:00 AM,9:00:00 PM,23/27 ม.9,0,0
351,CB1351,CB1351,โรงพยาบาลสัตว์พระราม8,แขวงอรุณอมรินทร์,เขตบางกอกน้อย,กรุงเทพมหานคร,102009,10700,ทุกวัน,9:00:00 AM,9:00:00 AM,83/2 ชั้นที่1-3 ถ.อรุณอมรินทร์,0,0
352,CB1352,CB1352,ศรีเมืองสัตวแพทย์,แขวงทุ่งครุ,เขตทุ่งครุ,กรุงเทพมหานคร,104902,10140,ทุกวัน,9:00:00 AM,9:00:00 PM,122/53 ซ.ประชาอุทิศ 91/1,0,0
353,CB1353,CB1353,ด๊อกส์การ์ดรักษาสัตว์,แขวงบางระมาด,เขตตลิ่งชัน,กรุงเทพมหานคร,101905,10170,ทุกวัน,2:00:00 PM,8:00:00 PM,7/74 ถ.พุทธมณฑลสาย 1,0,0
354,CB1354,CB1354,เพ็ทโพลี คลินิกรักษาสัตว์,บางพึ่ง,อำเภอพระประแดง,สมุทรปราการ,110402,10130,ทุกวัน,9:00:00 AM,9:00:00 PM,Pet polyclinic,0,0
355,CB1355,CB1355,โรงพยาบาลสัตว์เซนต์มอส,แขวงบางยี่ขัน,เขตบางพลัด,กรุงเทพมหานคร,102504,10700,ทุกวัน,9:00:00 AM,9:00:00 PM,458 ริมถ.ถัดจาก ซ.จรัญฯ 50/1,0,0
356,CB1356,CB1356,บางพรมสัตวแพทย์,แขวงบางพรม,เขตตลิ่งชัน,กรุงเทพมหานคร,101904,10170,ทุกวัน,9:00:00 AM,8:00:00 PM,15/7 ม.15,0,0
357,CB1357,CB1357,โรงพยาบาลสัตว์มีสุข,แขวงช่องนนทรี,เขตยานนาวา,กรุงเทพมหานคร,101203,10120,ทุกวัน,10:00:00 AM,10:00:00 PM,1045 ซ.พระราม 3 ซ.63,0,0
358,CB1358,CB1358,โรงพยาบาลสัตว์วันใส,แขวงบางมด,เขตทุ่งครุ,กรุงเทพมหานคร,104901,10140,ทุกวัน,9:00:00 AM,7:00:00 PM,637/10-11 ถ.ประชาอุทิศ,0,0
359,CB1359,CB1359,โรงพยาบาลสัตว์แอนิมอลสเปซ,แขวงศาลาธรรมสพน์,เขตทวีวัฒนา,กรุงเทพมหานคร,104802,10170,ทุกวัน,8:00:00 AM,11:30:00 PM,เลขที่ 99/30 ซอยพุทธมณฑลสาย 2,0,0
360,CB1360,CB1360,โรงพยาบาลสัตว์ พี.เอส.,แขวงบางพลัด,เขตบางพลัด,กรุงเทพมหานคร,102501,10700,ทุกวัน,12:00:00 AM,12:00:00 PM,202 ถ.สิรินธร,0,0
361,CB1361,CB1361,โรงพยาบาลสัตว์ลักกี้เพ็ท,นาดี,อำเภอเมืองสมุทรสาคร,สมุทรสาคร,740109,74000,ทุกวัน,8:00:00 AM,12:00:00 AM,33/10,0,0
362,CB1362,CB1362,คลินิกรักษาสัตว์บ้านหมอพัด,แขวงบางพลัด,เขตบางพลัด,กรุงเทพมหานคร,102501,10700,ทุกวัน,1:00:00 PM,4:30:00 PM,1459 ซ.จรัญสนิทวงศ์ 75,0,0
363,CB1363,CB1363,โรงพยาบาลสัตว์แสนดี สาขาพุทธมณฑลสาย2,แขวงบางไผ่,เขตบางแค,กรุงเทพมหานคร,104003,10160,ทุกวัน,9:00:00 AM,9:00:00 AM,476 ถ.พุทธมณฑลสาย2,0,0
364,CB1364,CB1364,โรงพยาบาลสัตว์รักษ์ ณ จันทน์,แขวงช่องนนทรี,เขตยานนาวา,กรุงเทพมหานคร,101203,10120,ทุกวัน,9:00:00 AM,9:00:00 AM,145-147 ถ.จันทน์,0,0
365,CB1365,CB1365,เทพสิรินทร์สัตวแพทย์,บ้านปรก,อำเภอเมืองสมุทรสงคราม,สมุทรสงคราม,750104,75000,"วันจันทร์, วันอังคาร, วันพุธ, วันพฤหัส, วันอาทิตย์",9:00:00 AM,6:00:00 PM,61/22-23  ม.1,0,0
366,CB1366,CB1366,โรงพยาบาลสัตว์มานะเพ็ท,แขวงศาลาธรรมสพน์,เขตทวีวัฒนา,กรุงเทพมหานคร,104802,10170,ทุกวัน,9:00:00 AM,8:30:00 PM,100/117 ซ.พุทธมณฑลสาย2,0,0
367,CB1367,CB1367,คลินิกรักษาสัตว์ เพ็ทพอว์,แขวงสำเหร่,เขตธนบุรี,กรุงเทพมหานคร,101507,10600,ทุกวัน,10:00:00 AM,7:00:00 PM,28 ปากซอยเจริญนคร 54,0,0
368,CB1368,CB1368,ดาวคะนองสัตวแพทย์,แขวงดาวคะนอง,เขตธนบุรี,กรุงเทพมหานคร,101506,10600,ทุกวัน ปิดวันจันทร์,12:00:00 PM,8:00:00 PM,1057/9 ถ.สมเด็จพระเจ้าตากสิน,0,0
369,CB1369,CB1369,คลินิกหมอมนรักสัตว์,แขวงฉิมพลี,เขตตลิ่งชัน,กรุงเทพมหานคร,101903,10170,ทุกวัน,12:00:00 PM,8:00:00 PM,58 ถ.ฉิมพลี,0,0
370,CB1370,CB1370,โรงพยาบาลสัตว์เพ็ทแลนด์,ท่าทราย,อำเภอเมืองสมุทรสาคร,สมุทรสาคร,740110,74000,ทุกวัน,8:00:00 AM,8:00:00 PM,46/3 ม.8 ถ.พระราม2,0,0
371,CB1371,CB1371,โรงพยาบาลสัตว์มหาชัยบริรักษ์,มหาชัย,อำเภอเมืองสมุทรสาคร,สมุทรสาคร,740101,74000,"วันจันทร์, วันอังคาร, วันพฤหัส, วันศุกร์, วันเสาร์, วันอาทิตย์",9:00:00 AM,9:00:00 PM,271/27ก. ถ.เดิมบาง,0,0
372,CB1372,CB1372,เพ็ทคอนเนอร์,แขวงทวีวัฒนา,เขตทวีวัฒนา,กรุงเทพมหานคร,104801,10170,ทุกวัน,8:30:00 AM,6:00:00 PM,18 ม.1 ถ.เลียนคลองทวีวัฒนา,0,0
373,CB1373,CB1373,โรงพยาบาลสัตว์เพ็ทแคร์ เซ็นเตอร์,แขวงบางปะกอก,เขตราษฎร์บูรณะ,กรุงเทพมหานคร,102402,10140,ทุกวัน,12:00:00 AM,12:00:00 PM,"331,331/1 ม.11 ถ.สุขสวัสดิ์",0,0
374,CB1374,CB1374,โรงพยาบาลสัตว์เอกชัย,แขวงบางบอนเหนือ,เขตบางบอน,กรุงเทพมหานคร,105002,10150,ทุกวัน,9:00:00 AM,9:00:00 AM,"966,962-962/1 ถนนเอกชัย",0,0
375,CB1375,CB1375,คลินิกสัตวแพทย์เพ็ทโฮม,แขวงบ้านพานถม,เขตพระนคร,กรุงเทพมหานคร,100110,10200,ทุกวัน,7:00:00 AM,9:00:00 PM,เลขที่ 174/5-6 ถนนวิสุทธิ์กษัตริย์,0,0
376,CB1376,CB1376,โรงพยาบาลสัตว์แพทย์สมุทร 24 ชั่วโมง มหาชัย,มหาชัย,อำเภอเมืองสมุทรสาคร,สมุทรสาคร,740101,74000,ทุกวัน,9:00:00 AM,9:00:00 AM,เลขที่ 926/178ก,0,0
377,CB1377,CB1377,โรงพยาบาลสายห้ารักษาสัตว์,อ้อมน้อย,อำเภอกระทุ่มแบน,สมุทรสาคร,740202,74130,ทุกวัน,12:00:00 AM,12:00:00 PM,"เลขที่ 300,301,302 หมู่ที่ 6",0,0
378,CB1378,CB1378,โรงพยาบาลสัตว์สมใจ,แขวงแสมดำ,เขตบางขุนเทียน,กรุงเทพมหานคร,102107,10150,ทุกวัน,9:00:00 AM,9:00:00 PM,111/921 ม.6 ซ.พระราม 2/68,0,0
379,CB1379,CB1379,โรงพยาบาลสัตว์สุขสวัสดิ์,แขวงบางปะกอก,เขตราษฎร์บูรณะ,กรุงเทพมหานคร,102402,10140,ทุกวัน,8:30:00 AM,9:00:00 PM,เลขที่ 266 ถนนสุขสวัสดิ์,0,0
380,CB1380,CB1380,โรงพยาบาลสัตว์บีเอ็มเอช เอกชัย,มหาชัย,อำเภอเมืองสมุทรสาคร,สมุทรสาคร,740101,74000,ทุกวัน,9:00:00 AM,9:00:00 PM,เลขที่ 237/348-349 ถนนเอกชัย,0,0
381,CB1381,CB1381,โรงพยาบาลสัตว์สมุทรสงคราม,แม่กลอง,อำเภอเมืองสมุทรสงคราม,สมุทรสงคราม,750101,75000,ทุกวัน,8:30:00 AM,7:30:00 PM,เลขที่ 769/5-8 ถนนราชญาดิรักษา,0,0
382,CB1382,CB1382,คลินิกหมอรักสัตว์,บางแก้ว,อำเภอเมืองสมุทรสงคราม,สมุทรสงคราม,750105,75000,ทุกวัน,8:30:00 AM,8:00:00 PM,134/2 ม.1,0,0
383,CB1383,CB1383,โรงพยาบาลสัตว์เพ็ทส์โฮม กาญจนาภิเษก,แขวงบางบอนเหนือ,เขตบางบอน,กรุงเทพมหานคร,105002,10150,ทุกวัน,7:00:00 AM,9:00:00 PM,เลขที่ 115/6 ถนนกาญจนาภิเษก,0,0
384,CB1384,CB1384,โรงพยาบาลสัตว์บางมด,แขวงบางมด,เขตทุ่งครุ,กรุงเทพมหานคร,104901,10140,ทุกวัน,9:00:00 AM,8:00:00 PM,เลขที่ 139/2 ถนนพุทธบูชา,0,0
385,CB1385,CB1385,เลิฟ เพ็ท รักษาสัตว์,แขวงแสมดำ,เขตบางขุนเทียน,กรุงเทพมหานคร,102107,10150,ทุกวัน,9:00:00 AM,9:00:00 PM,8/16-17 ซ.เทียนทะเล 7,0,0
386,CB1386,CB1386,โรงพยาบาลสัตว์ บีเอ็มเอช,แขวงบางบอนใต้,เขตบางบอน,กรุงเทพมหานคร,105003,10150,ทุกวัน,12:00:00 AM,12:00:00 PM,"เลขที่ 1155,1157,1159 ถนนเอกชัย",0,0
387,CB1387,CB1387,คลินิกหมอรักสัตว์ สมุทรสงคราม,บางแก้ว,อำเภอเมืองสมุทรสงคราม,สมุทรสงคราม,750105,75000,ทุกวัน,8:30:00 AM,8:00:00 PM,134/2 ม.1,0,0
388,CB1388,CB1388,โรงพยาบาลสัตว์ดีซี,แขวงศาลาธรรมสพน์,เขตทวีวัฒนา,กรุงเทพมหานคร,104802,10170,ทุกวัน,9:30:00 AM,8:30:00 PM,เลขที่ 828/1 ถนนศาลาธรรมสพน์,0,0
389,CB1389,CB1389,โรงพยาบาลสัตว์ออลเพ็ท,แขวงหลักสอง,เขตบางแค,กรุงเทพมหานคร,104004,10160,ทุกวัน,12:00:00 AM,12:00:00 PM,เลขที่ 888/18 ถนนบางบอน 3,0,0
390,CB1390,CB1390,โรงพยาบาลสัตว์เพ็ททาวน์ ,แขวงวัดท่าพระ,เขตบางกอกใหญ่,กรุงเทพมหานคร,101602,10600,ทุกวัน,10:00:00 AM,8:00:00 PM,เลขที่ 365/55-56 ถนนเพชรเกษม,0,0
391,CB1391,CB1391,โรงพยาบาลสัตว์กาญจนาภิเษก,แขวงบางไผ่,เขตบางแค,กรุงเทพมหานคร,104003,10160,ทุกวัน,9:00:00 AM,9:00:00 AM,เลขที่ 349 ถนนกาญจนาภิเษก,0,0
392,CB1392,CB1392,โรงพยาบาลสัตว์ศิริเวช,บางพึ่ง,อำเภอพระประแดง,สมุทรปราการ,110402,10130,ทุกวัน,12:00:00 AM,12:00:00 PM,เลขที่ 119/23 หมู่ที่ 19,0,0
393,CB1393,CB1393,โรงพยาบาลสัตว์อะพอลโล,ลำโพ,อำเภอบางบัวทอง,นนทบุรี,120406,11110,ทุกวัน,8:00:00 AM,12:00:00 AM,เลขที่ 99/390 หมู่ที่ 1,0,0
394,CB1394,CB1394,แด๊ดดี้เพ็ทคลินิก,แขวงบางบอนเหนือ,เขตบางบอน,กรุงเทพมหานคร,105002,10150,ทุกวัน เว้นวันพฤหัส,10:00:00 AM,7:00:00 PM,1006/2 ถ.เอกชัย,0,0
395,CB1395,CB1395,โรงพยาบาลสัตว์ วงเวียนใหญ่ ,แขวงบางยี่เรือ,เขตธนบุรี,กรุงเทพมหานคร,101503,10600,ทุกวัน,9:00:00 AM,9:00:00 PM,เลขที่ 1 ถนนสมเด็จพระเจ้าตากสิน,0,0
396,CB1396,CB1396,Mamaa Me,แขวงศาลาธรรมสพน์,เขตทวีวัฒนา,กรุงเทพมหานคร,104802,10170,ทุกวัน,10:00:00 AM,8:00:00 PM,เลขที่ 100/116 ซอยพุทธมณฑลสายสอง,0,0
397,CB1397,CB1397,โรงพยาบาลสัตว์สุขศัลย์ ,แขวงบางมด,เขตทุ่งครุ,กรุงเทพมหานคร,104901,10140,ทุกวัน,9:00:00 AM,9:00:00 PM,"เลขที่ 388,388/1 ซอยพุทธบูชา 36",0,0
398,CB1398,CB1398,Harmony pet center,แขวงบางมด,เขตทุ่งครุ,กรุงเทพมหานคร,104901,10140,ทุกวัน,9:30:00 AM,7:30:00 PM,473 ถ.ประชาอุทิศ,0,0
399,CB1399,CB1399,โรงพยาบาลสัตว์หมอรักสัตว์,บางแก้ว,อำเภอเมืองสมุทรสงคราม,สมุทรสงคราม,750105,75000,ทุกวัน,8:15:00 AM,7:00:00 PM,เลขที่ 134/2 หมู่ที่ 1,0,0
400,CB1400,CB1400,โรงพยาบาลสัตว์บางแค 1,แขวงบางแค,เขตบางแค,กรุงเทพมหานคร,104001,10160,ทุกวัน,9:00:00 AM,9:00:00 PM,119/38-39,0,0
401,CK1401,CK1401,โรงพยาบาลปศุสัตว์ คณะสัตวแพทยศาสตร์,บ่อพลับ,อำเภอเมืองนครปฐม,นครปฐม,730110,73000,ทุกวัน,8:30:00 AM,4:30:00 PM,จุฬาลงกรณ์มหาวิทยาลัย,0,0
402,CK1402,CK1402,สุขุมวิทสัตวแพทย์,แขวงคลองตันเหนือ,เขตวัฒนา,กรุงเทพมหานคร,103902,10110,ทุกวัน,8:00:00 AM,9:00:00 PM,"10,12,14 ซอยสุขุมวิท 51",0,0
403,CK1403,CK1403,โรงพยาบาลสัตว์เล็ก คณะสัตวแพทยศาสตร์ จุฬาฯ,แขวงปทุมวัน,เขตปทุมวัน,กรุงเทพมหานคร,100703,10330,ทุกวัน,8:00:00 AM,17:00 PM,39 ถ.อังรี-ดูนังต์,0,0
404,CK1404,CK1404,โรงพยาบาลสัตว์เอกมัย,แขวงคลองตันเหนือ,เขตวัฒนา,กรุงเทพมหานคร,103902,10110,ทุกวัน,9:00:00 AM,7:00:00 PM,5/1 ซอยเลื่อนอรณพ,0,0
405,CK1405,CK1405,โรงพยาบาลสัตว์ทองหล่อ,แขวงบางกะปิ,เขตห้วยขวาง,กรุงเทพมหานคร,101702,10310,ทุกวัน,12:00:00 AM,12:00:00 AM,เลขที่ 80 ถนนริมคลองแสนแสบ,0,0
406,CK1406,CK1406,โรงพยาบาลสัตว์เจริญสุข,แขวงคลองตันเหนือ,เขตวัฒนา,กรุงเทพมหานคร,103902,10110,ทุกวัน,12:00:00 AM,12:00:00 AM,เลขที่ 167 ซอยเอกมัย 5,0,0
407,CK1407,CK1407,โรงพยาบาลสัตว์สุวรรณชาด,แขวงสะพานสูง,เขตสะพานสูง,กรุงเทพมหานคร,104401,10240,ทุกวัน,9:00:00 AM,8:30:00 PM,เลขที่ 103 ถนนรามคำแหง,0,0
408,CK1408,CK1408,โรงพยาบาลสัตว์สุวรรณชาด,แขวงสะพานสูง,เขตสะพานสูง,กรุงเทพมหานคร,104401,10240,ทุกวัน,9:00:00 AM,8:30:00 PM,เลขที่ 103 ถนนรามคำแหง,0,0
409,CK1409,CK1409,โรงพยาบาลสัตว์กรุงเทพ,แขวงบางโคล่,เขตบางคอแหลม,กรุงเทพมหานคร,103103,10120,ทุกวัน,8:00:00 AM,11:45:00 PM,เลขที่ 3627/124-5 ถนนเจริญราษฎร์,0,0
410,CK1410,CK1410,โรงพยาบาลสัตว์แจ้งวัฒนะ,บ้านใหม่,อำเภอปากเกร็ด,นนทบุรี,120603,11120,ทุกวัน,8:00:00 AM,8:00:00 PM,เลขที่ 7/48 หมู่ที่ 6,0,0
411,CK1411,CK1411,โรงพยาบาลสัตว์สาทร,แขวงทุ่งมหาเมฆ,เขตสาทร,กรุงเทพมหานคร,102803,10120,ทุกวัน,10:00:00 AM,9:00:00 PM,เลขที่ 26/22 ถนนนางลิ้นจี่,0,0
412,CK1412,CK1412,โรงพยาบาลสัตว์กรุงเทพ-นนท์,บางเขน,อำเภอเมืองนนทบุรี,นนทบุรี,120103,11000,ทุกวัน,9:00:00 AM,8:00:00 PM,เลขที่ 169 ถนนกรุงเทพ-นนท์,0,0
413,CK1413,CK1413,โรงพยาบาลสัตว์อารักษ์,แขวงลุมพินี,เขตปทุมวัน,กรุงเทพมหานคร,100704,10330,ทุกวัน,12:00:00 AM,12:00:00 AM,82 ซ.หลังสวน,0,0
414,CK1414,CK1414,โรงพยาบาลสัตว์สามัคคี,ท่าทราย,อำเภอเมืองนนทบุรี,นนทบุรี,120105,11000,ทุกวัน,10:00:00 AM,9:00:00 PM,370 ถ. สามัคคี,0,0
415,CK1415,CK1415,โรงพยาบาลสัตว์เจริญนคร,แขวงบางลำภูล่าง,เขตคลองสาน,กรุงเทพมหานคร,101803,10600,ทุกวัน,10:00:00 AM,9:00:00 PM,922 ถ. เจริญนคร,0,0
416,CK1416,CK1416,โรงพยาบาลสัตว์ติวานนท์,ท่าทราย,อำเภอเมืองนนทบุรี,นนทบุรี,120105,11000,ทุกวัน,10:00:00 AM,9:00:00 PM,"142/27-28, ถ.ติวานนท์,",0,0
417,CK1417,CK1417,โรงพยาบาลสัตว์บางกรวย,บางกรวย,อำเภอบางกรวย,นนทบุรี,120202,11130,ทุกวัน,10:00:00 AM,9:00:00 PM,43/90 ถ. บางกรวย - ไทรน้อย,0,0
418,CK1418,CK1418,โรงพยาบาลสัตว์กรุงเทพนนท์ สาขา บางเลน,บางเลน,อำเภอบางใหญ่,นนทบุรี,120303,11140,ทุกวัน,10:00:00 AM,9:00:00 PM,หมู่ที่ 9 67/93,0,0
419,CK1419,CK1419,โรงพยาบาลสัตว์กรุงเทพนนท์ สาขา ณ นนท์,บางม่วง,อำเภอบางใหญ่,นนทบุรี,120301,11140,ทุกวัน,10:00:00 AM,9:00:00 PM,49/3,0,0
420,CK1420,CK1420,โรงพยาบาลสัตว์กรุงเทพนนท์ สาขา ปลายบาง,มหาสวัสดิ์,อำเภอบางกรวย,นนทบุรี,120207,11130,ทุกวัน,10:00:00 AM,9:00:00 PM,หมู่ที่ 7 100/54,0,0
421,CK1421,CK1421,โรงพยาบาลสัตว์กรุงเทพนนท์ สาขา สรงประภา,แขวงสีกัน,เขตดอนเมือง,กรุงเทพมหานคร,103602,10210,ทุกวัน,10:00:00 AM,9:00:00 PM,314/33-24 ถนน สรงประภา,0,0
422,CK1422,CK1422,โรงพยาบาลสัตว์สหัสวรรษ,แขวงบางซื่อ,เขตบางซื่อ,กรุงเทพมหานคร,102901,10800,ทุกวัน,10:00:00 AM,9:00:00 PM,"827, 827/1 ถ. ประชาชื่น",0,0
423,CK1423,CK1423,โรงพยาบาลสัตว์สาทร,แขวงทุ่งมหาเมฆ,เขตสาทร,กรุงเทพมหานคร,102803,10120,ทุกวัน,10:00:00 AM,9:00:00 PM,"26/21-22,",,
424,CK1424,CK1424,โรงพยาบาลสัตว์เจริญกรุง,แขวงบางคอแหลม,เขตบางคอแหลม,กรุงเทพมหานคร,103101,10120,ทุกวัน,10:00:00 AM,8:30:00 PM,2 20 ถ. เจริญกรุง,,
425,CK1425,CK1425,โรงพยาบาลสัตว์แจ้งวัฒนะ,แขวงทุ่งสองห้อง,เขตหลักสี่,กรุงเทพมหานคร,104101,10210,ทุกวัน,8:00:00 AM,8:00:00 PM,1/008 ซอย แจ้งวัฒนะ 14 ชุมชนพงษ์เพชรแจ้งวัฒนะ 14 ซ. 4,,
426,CK1426,CK1426,โรงพยาบาลสัตว์แจ้งวัฒนะ สาขารังสิต-ปทุมธานี,บ้านกลาง,อำเภอเมืองปทุมธานี,ปทุมธานี,130103,12000,ทุกวัน,8:00:00 AM,10:00:00 PM,29/2,,
427,CK1427,CK1427,โรงพยาบาลสัตว์ทองหล่อ พระราม9,แขวงบางกะปิ,เขตห้วยขวาง,กรุงเทพมหานคร,101702,10310,ทุกวัน,12:00:00 AM,12:00:00 PM,80 ถนน เพชรพระราม,,
428,CK1428,CK1428,โรงพยาบาลสัตว์ทองหล่อ พระราม5,บางขุนกอง,อำเภอบางกรวย,นนทบุรี,120205,11130,ทุกวัน,12:00:00 AM,12:00:00 PM,31/7 ถ. นครอินทร์,,
429,CK1429,CK1429,โรงพยาบาลสัตว์ทองหล่อ สาขาปิ่นเก้า,แขวงบางบำหรุ,เขตบางพลัด,กรุงเทพมหานคร,102503,10700,ทุกวัน,12:00:00 AM,12:00:00 PM,493 ถนน สิรินธร,,
430,CK1430,CK1430,โรงพยาบาลสัตว์ทองหล่อ สาขาติวานนท์,บางตลาด,อำเภอปากเกร็ด,นนทบุรี,120602,11120,ทุกวัน,12:00:00 AM,12:00:00 PM,"99/189, ถ. ติวานนท์",,
431,CK1431,CK1431,โรงพยาบาลสัตว์ทองหล่อ สาขาสุขุมวิท,แขวงคลองตันเหนือ,เขตวัฒนา,กรุงเทพมหานคร,103902,10110,ทุกวัน,12:00:00 AM,12:00:00 PM,205/19-20 ซอยทองหล่อ ระหว่างซอย 9 กับ11,,
432,CK1432,CK1432,โรงพยาบาลสัตว์ทองหล่อ สาขาสาทร-นราธิวาส,แขวงทุ่งวัดดอน,เขตสาทร,กรุงเทพมหานคร,102801,10120,ทุกวัน,12:00:00 AM,12:00:00 PM,130/144 ถนน นราธิวาสราชนครินทร์,,
433,CK1433,CK1433,โรงพยาบาลสัตว์ทองหล่อ สาขาพระราม2,แขวงท่าข้าม,เขตบางขุนเทียน,กรุงเทพมหานคร,102105,10150,ทุกวัน,12:00:00 AM,12:00:00 PM,"30, 6 ถนน พระราม 2 ซ. 49",,
434,CK1434,CK1434,โรงพยาบาลสัตว์ทองหล่อ สาขาประดิษฐ์มนูธรรม,แขวงคลองเจ้าคุณสิงห์,เขตวังทองหลาง,กรุงเทพมหานคร,104503,10310,ทุกวัน,12:00:00 AM,12:00:00 PM,738 ถ. ประดิษฐ์มนูธรรม,,
435,CK1435,CK1435,โรงพยาบาลสัตว์ทองหล่อ สาขารามอินทรา,แขวงรามอินทรา,เขตคันนายาว,กรุงเทพมหานคร,104302,10230,ทุกวัน,12:00:00 AM,12:00:00 PM,492 492/ 1 ซอย รามอินทรา 50,,
436,CK1436,CK1436,โรงพยาบาลสัตว์ทองหล่อ สาขา ศรีนครินทร์,แขวงหนองบอน,เขตประเวศ,กรุงเทพมหานคร,103202,10250,ทุกวัน,12:00:00 AM,12:00:00 PM,25 ซอย ศรีนครินทร์ 48 แยก 1,,
437,CK1437,CK1437,โรงพยาบาลสัตว์ทองหล่อ สาขารังสิต,ประชาธิปัตย์,อำเภอธัญบุรี,ปทุมธานี,130301,12130,ทุกวัน,12:00:00 AM,12:00:00 PM,"94, 2 ถ. พหลโยธิน",,
438,CK1438,CK1438,Pet wellness center โดยโรงพยาบาลสัตว์ทองหล่อ สาขาเซ็นทรัลอีสวีลล์,แขวงลาดพร้าว,เขตลาดพร้าว,กรุงเทพมหานคร,103801,10230,ทุกวัน,12:00:00 AM,12:00:00 PM,"ศูนย์การค้าเซ็นทรัลเฟสติวัล อีสวิลล์ ห้องเลขที่ 177-178, ถ. ประดิษฐ์มนูธรรม",,
439,CK1439,CK1439,โรงพยาบาลสัตว์ทองหล่อ สาขาพัทยา,นาเกลือ,อำเภอบางละมุง,ชลบุรี,200408,20150,ทุกวัน,12:00:00 AM,12:00:00 PM,148-2 ถ. สุขุมวิท,,
440,CK1440,CK1440,โรงพยาบาลสัตว์ทองหล่อ สาขาระยอง,เนินพระ,อำเภอเมืองระยอง,ระยอง,210109,21000,ทุกวัน,12:00:00 AM,12:00:00 PM,23 33 หมู่3 ถ. สุขุมวิท,,
441,CK1441,CK1441,โรงพยาบาลสัตว์ทองหล่อ สาขาเชียงใหม่,สันทรายน้อย,อำเภอสันทราย,เชียงใหม่,501402,50210,ทุกวัน,12:00:00 AM,12:00:00 PM,ถนน สมโภชเชียงใหม่ 700 ปี,,
442,CW1442,CW1442,วัชระรักษาสัตว์,คลองกระแชง,อำเภอเมืองเพชรบุรี,เพชรบุรี,760102,76000,ทุกวัน,8:00:00 AM,7:00:00 PM,119/2 ตรงข้ามสนามหน้าเขาวัง,,
443,CW1443,CW1443,คลินิกรักษ์สัตว์,บ่อผุด,อำเภอเกาะสมุย,สุราษฎร์ธานี,840406,84320,จันทร์-เสาร์ ,9:30:00 AM,6:00:00 PM,30/1 ม.6,,
444,CW1444,CW1444,หมอโจ้สัตวแพทย์,ตลาด,อำเภอเมืองสุราษฎร์ธานี,สุราษฎร์ธานี,840101,84000,จันทร์-เสาร์ ,8:00:00 AM,8:00:00 PM,5/9 ถ.ราษฎร์อุทิศ,,
445,CW1445,CW1445,คลินิกพุนพินสัตวแพทย์,ท่าข้าม,อำเภอพุนพิน,สุราษฎร์ธานี,841701,84130,จันทร์-เสาร์ ,8:00:00 AM,7:00:00 PM,172-174 ถ.ธราธิบดี,,
446,CW1446,CW1446,คลินิกรักษาสัตว์เอสพีสมุย,บ่อผุด,อำเภอเกาะสมุย,สุราษฎร์ธานี,840406,84320,ทุกวัน (ปิดวันอังคาร),9:30:00 AM,7:00:00 PM,84/20 ม.3,,
447,CW1447,CW1447,ชุมพร สัตวแพทย์,ท่าตะเภา,อำเภอเมืองชุมพร,ชุมพร,860101,86000,ทุกวัน,8:00:00 AM,8:00:00 PM,265/4 ถ.ไตรรัตน์,,
448,CW1448,CW1448,เอื้อมพร รักษาสัตว์,ศาลาแดง,อำเภอเมืองอ่างทอง,อ่างทอง,150103,14000,ทุกวัน (ปิดวันพุธ),8:00:00 AM,6:00:00 PM,9/16 ม.6,,
449,CW1449,CW1449,คลีนิคเพื่อนสัตว์เลี้ยง,สามชุก,อำเภอสามชุก,สุพรรณบุรี,720803,72130,ทุกวัน (ปิดวันจันทร์),9:00:00 AM,7:00:00 PM,225/36 ม.2,,
450,CW1450,CW1450,ชนกสัตวแพทย์,ตลาด,อำเภอเมืองสุราษฎร์ธานี,สุราษฎร์ธานี,840101,84000,จันทร์-เสาร์ ,9:00:00 AM,7:00:00 PM,10 ซ.ราษฎร์อุทิศ,,
451,CW1451,CW1451,คลินิกบ้านสัตว์เลี้ยง,หัวหิน,อำเภอหัวหิน,ประจวบคีรีขันธ์,770701,77110,ทุกวัน,9:00:00 AM,8:00:00 PM,4/80 ถ.เพชรเกษม,,
452,CW1452,CW1452,ธงชัยสัตวแพทย์,หน้าเมือง,อำเภอเมืองราชบุรี,ราชบุรี,700101,70000,ทุกวัน,9:30:00 AM,7:30:00 PM,256/419-420,,
453,CW1453,CW1453,โรงพยาบาลสัตว์หลังสวน,ขันเงิน,อำเภอหลังสวน,ชุมพร,860402,86110,ทุกวัน,8:00:00 AM,8:00:00 PM,65/16 ถ.ต้นโพธิ์,,
454,CW1454,CW1454,โรงพยาบาลสัตว์ยังนำ,บ่อผุด,อำเภอเกาะสมุย,สุราษฎร์ธานี,840406,84320,ทุกวัน,9:00:00 AM,7:00:00 PM,108/25-26,,
455,CW1455,CW1455,โรงพยาบาลสัตว์ราชบุรี,หน้าเมือง,อำเภอเมืองราชบุรี,ราชบุรี,700101,70000,ทุกวัน,12:00:00 AM,12:00:00 PM,65/68 ถ.คฑาธร,,
456,CW1456,CW1456,เอ็ม เอ สัตวแพทย์,บ่อผุด,อำเภอเกาะสมุย,สุราษฎร์ธานี,840406,84320,จันทร์-เสาร์ ,9:00:00 AM,6:00:00 PM,115/109 ม.6,,
457,CW1457,CW1457,เจนเวชภัณฑ์สัตว์เลี้ยง,บ้านโป่ง,อำเภอบ้านโป่ง,ราชบุรี,700501,70110,จันทร์-เสาร์ ,8:00:00 AM,7:00:00 PM,97/12 ถ.บ้านดอนตูม,,
458,CW1458,CW1458,เอ็มทีสัตวแพทย์,โพธาราม,อำเภอโพธาราม,ราชบุรี,700701,70120,ทุกวัน,9:00:00 AM,8:00:00 PM,7/18 ถ.ขนานทางรถไฟ,,
459,CW1459,CW1459,ส.เจริญปศุสัตว์,รั้วใหญ่,อำเภอเมืองสุพรรณบุรี,สุพรรณบุรี,720102,72000,ทุกวัน,8:00:00 AM,6:00:00 PM,150/37 ถ.มาลัยแมน,,
460,CW1460,CW1460,ณ สุข. สัตวแพทย์,มะขามเตี้ย,อำเภอเมืองสุราษฎร์ธานี,สุราษฎร์ธานี,840102,84000,จันทร์-เสาร์ ,8:00:00 AM,8:00:00 PM,255/59-60 ม.4 ถ.โฉลกรัฐ,,
461,CW1461,CW1461,เวียงสระสัตวแพทย์,บ้านส้อง,อำเภอเวียงสระ,สุราษฎร์ธานี,841502,84190,จันทร์-เสาร์ ,8:00:00 AM,7:00:00 PM,293/9 ม.10 ถ.พาด,,
462,CW1462,CW1462,ละไมสัตวแพทย์,มะเร็ต,อำเภอเกาะสมุย,สุราษฎร์ธานี,840405,84310,ทุกวัน,9:00:00 AM,7:00:00 PM,127/119 ม.3,,
463,CW1463,CW1463,โรงพยาบาลบ้านสัตว์อารมณ์ดี,คลองกระแชง,อำเภอเมืองเพชรบุรี,เพชรบุรี,760102,76000,เปิดบริการ 24 ชม.,12:00:00 AM,12:00:00 PM,252/15 ถ.ราชดำเนิน,,
464,CW1464,CW1464,เพ็ทแคร์คลีนิกรักษาสัตว์,ท่ามะขาม,อำเภอเมืองกาญจนบุรี,กาญจนบุรี,710104,71000,ทุกวัน (หยุดวันศุกร์),8:00:00 AM,7:00:00 PM,147 ถ.แสงชูโต,,
465,CW1465,CW1465,โรงพยาบาลสัตว์แสนรักษ์,ท่าระหัด,อำเภอเมืองสุพรรณบุรี,สุพรรณบุรี,720104,72000,ทุกวัน,8:00:00 AM,10:00:00 PM,"578,580 ถ.มาลัยแมน",,
466,CW1466,CW1466,สบายดีรักษาสัตว์,โพธาราม,อำเภอโพธาราม,ราชบุรี,700701,70120,ทุกวัน,10:00:00 AM,6:00:00 PM,38/4 ถ.โรงพยาบาล-บ้านฆ้อง,,
467,CW1467,CW1467,คลินิกรักษ์สัตว์,มะขามเตี้ย,อำเภอเมืองสุราษฎร์ธานี,สุราษฎร์ธานี,840102,84000,จันทร์-เสาร์ ,8:00:00 AM,7:00:00 PM,396/9 ม.4,,
468,CW1468,CW1468,โรงพยาบาลสัตว์ เอส พี บี คอมพาเนียน,,,,,72250,ทุกวัน (หยุดวันพุธ),8:00:00 AM,8:00:00 PM,80 ม.3,,
469,CW1469,CW1469,แหลมทองสัตว์แพทย์,ท่าตะเภา,อำเภอเมืองชุมพร,ชุมพร,860101,86000,จันทร์-เสาร์ ,8:00:00 AM,7:00:00 PM,249/13-14,,
470,CW1470,CW1470,โรงพยาบาลสัตว์เวียงสระ,เวียงสระ,อำเภอเวียงสระ,สุราษฎร์ธานี,841501,84190,จันทร์-เสาร์ ,7:30:00 AM,7:00:00 PM,98/6,,
471,CW1471,CW1471,โรงพยาบาลสัตว์เมืองเพ็ชร,คลองกระแชง,อำเภอเมืองเพชรบุรี,เพชรบุรี,760102,76000,ทุกวัน (ปิดวันอังคาร),9:00:00 AM,8:00:00 PM,125/18 ถ.ราชดำเนิน,,
472,CW1472,CW1472,ไทยเจริญสัตวแพทย์,เขานิเวศน์,อำเภอเมืองระนอง,ระนอง,850101,85000,ทุกวัน,9:00:00 AM,7:00:00 PM,77/57 ซ.ภัคดี,,
473,CW1473,CW1473,คลินิก ปฐมพรรักษาสัตว์,วังไผ่,อำเภอเมืองชุมพร,ชุมพร,860110,86000,ทุกวัน,9:00:00 AM,7:00:00 PM,4,,
474,CW1474,CW1474,โรงพยาบาลสัตว์ตาลเดี่ยว,หัวหิน,อำเภอหัวหิน,ประจวบคีรีขันธ์,770701,77110,ทุกวัน,9:00:00 AM,9:00:00 PM,42/7 ซ.หมู่บ้านเขาน้อย,,
475,CW1475,CW1475,โรงพยาบาลสัตว์อุ้มรัก สุพรรณบุรี,ท่าพี่เลี้ยง,อำเภอเมืองสุพรรณบุรี,สุพรรณบุรี,720101,72000,ทุกวัน,12:00:00 AM,12:00:00 PM,100/23 ถ.เณรแก้ว,,
476,CW1476,CW1476,คลินิกปิยภัชสัตวแพทย์,บ้านโป่ง,อำเภอบ้านโป่ง,ราชบุรี,700501,70110,ทุกวัน,10:00:00 AM,8:00:00 PM,99 ถ.บ้านปากแรต,,
477,CW1477,CW1477,คลีนิครักสัตว์,ท่าพี่เลี้ยง,อำเภอเมืองสุพรรณบุรี,สุพรรณบุรี,720101,72000,ทุกวัน,9:00:00 AM,8:00:00 PM,35/3 ถ.นางพิม,,
478,CW1478,CW1478,โรงพยาบาลสัตว์กาญจนบุรี,บ้านใต้,อำเภอเมืองกาญจนบุรี,กาญจนบุรี,710102,71000,ทุกวัน,8:30:00 AM,8:00:00 PM,46/9 ถ.แสงชูโต,,
479,CW1479,CW1479,ทักษิณาสัตวแพทย์,บ้านส้อง,อำเภอเวียงสระ,สุราษฎร์ธานี,841502,84190,จันทร์-เสาร์ ,9:00:00 AM,7:00:00 PM,142/6 ม.4 ถ.บ้านส้อง-พระแสง,,
480,CW1480,CW1480,ปันสุขรักษาสัตว์ ,ท่าพี่เลี้ยง,อำเภอเมืองสุพรรณบุรี,สุพรรณบุรี,720101,72000,ทุกวัน,8:00:00 AM,7:00:00 PM,198/4-5 ถ.ขุนแผน,,
481,CW1481,CW1481,คลินิกบ้านแสนรักษ์สัตว์,ท่าขนอน,อำเภอคีรีรัฐนิคม,สุราษฎร์ธานี,840801,84180,ทุกวัน (ปิดวันอาทิตย์),8:00:00 AM,7:00:00 PM,244/14 ม.1,,
482,CW1482,CW1482,คลีนิค Pet care รักษาสัตว์,ทับสะแก,อำเภอทับสะแก,ประจวบคีรีขันธ์,770301,77130,ทุกวัน,9:00:00 AM,8:00:00 PM,310/62 ม.10,,
483,CW1483,CW1483,คลินิกอู่ทองสัตวแพทย์,อู่ทอง,อำเภออู่ทอง,สุพรรณบุรี,720901,72160,ทุกวัน,8:00:00 AM,8:00:00 PM,1376/13 ม.6 ถ.มาลัยแมน,,
484,CW1484,CW1484,โรงพยาบาลสัตว์ตลาดน้ำ,ขุนพิทักษ์,อำเภอดำเนินสะดวก,ราชบุรี,700412,70130,ทุกวัน,8:30:00 AM,7:00:00 PM,โรงพยาบาลสัตว์ตลาดน้ำ 197/6-7,,
485,CW1485,CW1485,แม่น้ำรักษาสัตว์,แม่น้ำ,อำเภอเกาะสมุย,สุราษฎร์ธานี,840407,84330,ทุกวัน (หยุดวันศุกร์),9:00:00 AM,8:00:00 PM,80/9 ม.1,,
486,CW1486,CW1486,เอนิมาเลีย เวทเทอร์รินารีคลินิก,มะเร็ต,อำเภอเกาะสมุย,สุราษฎร์ธานี,840405,84310,ทุกวัน,9:00:00 AM,7:00:00 PM,91/5-6 ม.3,,
487,CW1487,CW1487,ท่าชนะสัตวแพทย์,สมอทอง,อำเภอท่าชนะ,สุราษฎร์ธานี,840702,84170,ทุกวัน (หยุดวันอาทิตย์),8:00:00 AM,6:00:00 PM,158 ม.10,,
488,CW1488,CW1488,,แขวงจรเข้บัว,เขตลาดพร้าว,กรุงเทพมหานคร,103802,10230,ทุกวัน,8:00:00 AM,8:00:00 PM,14 ซ.ลาดปลาเค้า 46,,
489,CW1489,CW1489,โรงพยาบาลสัตว์หมอณัฐ,บ้านโป่ง,อำเภอบ้านโป่ง,ราชบุรี,700501,70110,ทุกวัน,8:00:00 AM,8:00:00 PM,เลขที่ 88/15 ถนนค่ายหลวง,,
490,CW1490,CW1490,โรงพยาบาลสัตว์พอดี,ดอนตะโก,อำเภอเมืองราชบุรี,ราชบุรี,700103,70000,ทุกวัน,8:30:00 AM,10:00:00 PM,เลขที่ 95 หมู่ที่ 2,,
491,CW1491,CW1491,ลิปะน้อยรักษาสัตว์,ลิปะน้อย,อำเภอเกาะสมุย,สุราษฎร์ธานี,840402,84140,ทุกวัน (หยุดวันพุธ),9:00:00 AM,7:00:00 PM,7/22 ม.1 ถ.รอบเกาะ,,
492,CW1492,CW1492,ฟ้าใสรักษาสัตว์,รั้วใหญ่,อำเภอเมืองสุพรรณบุรี,สุพรรณบุรี,720102,72000,ทุกวัน,8:00:00 AM,7:00:00 PM,80/2 ม.2,,
493,CW1493,CW1493,คลินิกบ้านนาเดิมสัตวแพทย์,บ้านนา,อำเภอบ้านนาเดิม,สุราษฎร์ธานี,841301,84240,ทุกวัน (หยุดวันอาทิตย์),8:00:00 AM,6:30:00 PM,399/39 ม.2,,
494,CW1494,CW1494,เพ็ท ณ หิรัญรักษาสัตว์,ท่าผา,อำเภอบ้านโป่ง,ราชบุรี,700502,70110,ทุกวัน (หยุดวันพุธ),9:30:00 AM,7:00:00 PM,106 ม.1,,
495,CW1495,CW1495,โรงพยาบาลสัตว์ผาสุข,ท่ามะขาม,อำเภอเมืองกาญจนบุรี,กาญจนบุรี,710104,71000,ทุกวัน,9:00:00 AM,8:00:00 PM,74/77 ม.2,,
496,CW1496,CW1496,บ้านรักษาสัตว์หมอน็อต,บางพลับ,อำเภอโพธิ์ทอง,อ่างทอง,150403,14120,ทุกวัน(หยุดวันพฤหัส),9:00:00 AM,6:00:00 PM,102 ม.4,,
497,CW1497,CW1497,โรงพยาบาลสัตว์เพ็ทไทม์,หนองแก,อำเภอหัวหิน,ประจวบคีรีขันธ์,770702,77110,ทุกวัน,9:00:00 AM,7:30:00 PM,เลขที่ 110/38 ถนนเพชรเกษม,,
498,CW1498,CW1498,โรงพยาบาลสัตว์อำเภอท่าแซะ,ท่าแซะ,อำเภอท่าแซะ,ชุมพร,860201,86140,ทุกวัน,8:30:00 AM,7:30:00 PM,297 ม.6,,
499,CW1499,CW1499, โรงพยาบาลสัตว์จิตรักษ์,สองพี่น้อง,อำเภอสองพี่น้อง,สุพรรณบุรี,720701,72110,ทุกวัน,9:00:00 AM,7:00:00 PM,เลขที่ 54/1 ถนนศรีสำราญ2,,
500,CW1500,CW1500,เพ็ทมาเนียคลินิก,หน้าเมือง,อำเภอเมืองราชบุรี,ราชบุรี,700101,70000,ทุกวัน,8:00:00 AM,8:00:00 PM,เลขที่ 12/10 ถนนเท้าอู่ทอง,,
501,CW1501,CW1501,เพื่อนรักรักษาสัตว์,สนามคลี,อำเภอเมืองสุพรรณบุรี,สุพรรณบุรี,720120,72230,ทุกวัน,9:00:00 AM,8:00:00 PM,253 ม.3,,
502,CW1502,CW1502,แลนด์มาร์ค คลินิก แอนด์ เพ็ทช็อป,ท่าพี่เลี้ยง,อำเภอเมืองสุพรรณบุรี,สุพรรณบุรี,720101,72000,ทุกวัน,8:00:00 AM,8:00:00 PM,51 ถ.ประชาธิปไตย,,
503,CB2503,CB2503,โรงพยาบาลสัตว์แสนรักษ์,ท่าระหัด,อำเภอเมืองสุพรรณบุรี,สุพรรณบุรี,720104,72000,ทุกวัน,8:00:00 AM,10:00:00 PM,"เลขที่ 578,580 ถนนมาลัยแมน",,
504,CB2504,CB2504,โรงพยาบาลสัตว์หมอเกษตร ,กระทุ่มล้ม,อำเภอสามพราน,นครปฐม,730610,73220,ทุกวัน,6:00:00 AM,12:00:00 PM,156/15 ถ.พุทธมณฑลสาย 4,,
505,CB2505,CB2505,โรงพยาบาลสัตว์หมอเกษตรสาขาพุทธสาคร,สวนหลวง,อำเภอกระทุ่มแบน,สมุทรสาคร,740204,74110,ทุกวัน,6:00:00 AM,12:00:00 PM,179/16-17 หมู่10,,
506,CB2506,CB2506,โรงพยาบาลสัตว์หมอเกษตรสาขาอ้อมใหญ่,อ้อมใหญ่,อำเภอสามพราน,นครปฐม,730616,73160,ทุกวัน,6:00:00 AM,12:00:00 PM,55/7-8,,
507,CB2507,CB2507,โรงพยาบาลสัตว์มหานคร,แขวงวัดท่าพระ,เขตบางกอกใหญ่,กรุงเทพมหานคร,101602,10600,ทุกวัน,12:00:00 AM,12:00:00 PM,2/16-17 ถ.เพชรเกษม,,
508,CB2508,CB2508,โรงพยาบาลสัตว์อ้อมน้อย,อ้อมน้อย,อำเภอกระทุ่มแบน,สมุทรสาคร,740202,74130,ทุกวัน,12:00:00 AM,12:00:00 PM,129/131 ถนนเพชรเกษม,,
509,CB2509,CB2509,โรงพยาบาลสัตว์ราษฎร์บูรณะ,บางพึ่ง,อำเภอพระประแดง,สมุทรปราการ,110402,10130,ทุกวัน,12:00:00 AM,12:00:00 PM,51 หมู่13 ถนนสุขสวัสดิ์,,
510,CB2510,CB2510,บางบัวทองสัตวแพทย์,บางรักพัฒนา,อำเภอบางบัวทอง,นนทบุรี,120408,11110,ทุกวัน,10:00:00 AM,8:00:00 PM,85/109-110 ม.3 ถ.บางกรวย-ไทรน้อย,,
511,CB2511,CB2511,สายัณห์สัตวแพทย์,ปากเกร็ด,อำเภอปากเกร็ด,นนทบุรี,120601,11120,ทุกวัน,10:00:00 AM,6:00:00 PM,35/2 ซ.นิชดาธานี,,
512,CB2512,CB2512,pet home บางบัวทอง,พิมลราช,อำเภอบางบัวทอง,นนทบุรี,120407,11110,ทุกวัน,10:00:00 AM,7:00:00 PM,169/27 ม.1 ซ.เทศบาล 2,,
513,CB2513,CB2513,โรงพยาบาลสัตว์บ้านสวน ,บางม่วง,อำเภอบางใหญ่,นนทบุรี,120301,11140,ทุกวัน,10:00:00 AM,7:00:00 PM,25/40 ม.8,,
514,CB2514,CB2514,โรงพยาบาลสัตว์พระราม3,แขวงช่องนนทรี,เขตยานนาวา,กรุงเทพมหานคร,101203,10120,ทุกวัน,9:00:00 AM,8:00:00 PM,7 ซ.นราธิวาสราชนครินทร์ 26,,
515,CB2515,CB2515,ศวารักษ์ รักษาสัตว์ ,ศาลายา,อำเภอพุทธมณฑล,นครปฐม,730701,73170,ทุกวัน,12:00:00 AM,12:00:00 PM,87/11 ม.3 ถ.ท่าศาลา-นครชัยศรี,,
516,CB2516,CB2516,ปาริชาตสัตวแพทย์,สามง่าม,อำเภอดอนตูม,นครปฐม,730401,73150,ทุกวัน,9:00:00 AM,8:00:00 PM,48/1 ม.4,,
517,CB2517,CB2517,โรงพยาบาลสัตว์วังหิน,แขวงลาดพร้าว,เขตลาดพร้าว,กรุงเทพมหานคร,103801,10230,ทุกวัน,12:00:00 AM,12:00:00 PM,เลขที่ 731 ถนนลาดพร้าววังหิน,,
518,CB2518,CB2518,เซนต์หลุยส์สัตวแพทย์,แขวงทุ่งมหาเมฆ,เขตสาทร,กรุงเทพมหานคร,102803,10120,ทุกวัน,9:30:00 AM,8:00:00 PM,เลขที่ 194 ซอยจันทน์ 18/7,,
519,CB2519,CB2519,คลินิกหมอหน่อยนนทบุรี,บางเลน,อำเภอบางใหญ่,นนทบุรี,120303,11140,ทุกวัน,5:00:00 PM,8:00:00 PM,79/21 ถนนบางกรวยไทรน้อย,,
520,CB2520,CB2520,โรงพยาบาลสัตว์ทวีรักข์,แขวงศาลาธรรมสพน์,เขตทวีวัฒนา,กรุงเทพมหานคร,104802,10170,ทุกวัน,10:00:00 AM,7:00:00 PM,เลขที่ 951/1 ถนนพุทธมณฑลสาย 3,,
521,CB2521,CB2521,โรงพยาบาลสัตว์มีกัน,กระทุ่มล้ม,อำเภอสามพราน,นครปฐม,730610,73110,ทุกวัน,9:00:00 AM,9:00:00 PM,เลขที่ 251-252 หมู่บ้าน บ้านหลังสวน,,
522,CB2522,CB2522,โรงพยาบาลสัตว์ไร่ขิง,ท่าตลาด,อำเภอสามพราน,นครปฐม,730609,73110,ทุกวัน,9:00:00 AM,9:00:00 PM,เลขที่ 74/3 หมู่ที่ 5,,
523,CB2523,CB2523,โรงพยาบาลสัตว์ซอฟท์เซนส์,แขวงบางขุนเทียน,เขตจอมทอง,กรุงเทพมหานคร,103501,10150,ทุกวัน,12:00:00 AM,12:00:00 PM,55/5-6 โครงการ city connect ถนนกัลปพฤกษ์,,
524,CB2524,CB2524,NB รักษาสัตว์,บางกระทึก,อำเภอสามพราน,นครปฐม,730604,73210,ทุกวัน ปิดวันเสาร์,10:00:00 AM,7:00:00 PM,15/7 ม.2,,
525,CB2525,CB2525,โรงพยาบาลสัตว์กู๊ดวิลล์,บางขนุน,อำเภอบางกรวย,นนทบุรี,120204,11130,ทุกวัน,9:00:00 AM,11:00:00 PM,เลขที่ 82/13-14 หมู่ที่ 1,,
526,CB2526,CB2526,คลินิกมีสุขรักษาสัตว์,แขวงคลองบางบอน,เขตบางบอน,กรุงเทพมหานคร,105005,10150,ทุกวัน,9:00:00 AM,8:00:00 PM,420 ถ.เอกชัย,,
527,CB2527,CB2527,โซเชียลสัตวแพทย์,แขวงศาลาธรรมสพน์,เขตทวีวัฒนา,กรุงเทพมหานคร,104802,10170,ทุกวัน,9:00:00 AM,8:00:00 PM,2/81 ซ.วาสนา 5/5 ถ.บรมราชชนนี,,
528,CB2528,CB2528,โรงพยาบาลสัตว์มาลัยแมน,หนองปากโลง,อำเภอเมืองนครปฐม,นครปฐม,730113,73000,ทุกวัน,8:30:00 AM,8:30:00 PM,เลขที่ 239/12 ถนนมาลัยแมน,,
529,CB2529,CB2529,บ้านบัวทองสัตวแพทย์,บางรักพัฒนา,อำเภอบางบัวทอง,นนทบุรี,120408,11110,ทุกวัน,9:00:00 AM,8:00:00 PM,เลขที่ 111/123-124 หมู่ที่ 10,,
530,CB2530,CB2530,โรงพยาบาลสัตว์ทวีรัชต์,ลำพยา,อำเภอเมืองนครปฐม,นครปฐม,730119,73000,ทุกวัน,10:00:00 AM,7:00:00 PM,เลขที่ 72 ถนนทรงพล,,
531,CI2531,CI2531,เนติพงษ์สัตวแพทย์,ในเมือง,อำเภอเมืองหนองคาย,หนองคาย,430101,43000,ทุกวัน,9:00:00 AM,6:00:00 PM,888/7 ถ.ประจักษ์ ม.10,,
532,CI2532,CI2532,คลินิกบ้านสัตว์เลี้ยง,ในเมือง,อำเภอเมืองบุรีรัมย์,บุรีรัมย์,310101,31000,ทุกวัน,9:00:00 AM,6:00:00 PM,1/32-33 ถ.ธานี,,
533,CI2533,CI2533,หจก. พีเอ็น เทรดดิ้งการเกษตร,หมากแข้ง,อำเภอเมืองอุดรธานี,อุดรธานี,410101,41000,ทุกวัน,8:30:00 AM,7:00:00 PM,150/3-4 ถ.แจ่มนุสรณ์,,
534,CI2534,CI2534,โรงพยาบาลสัตว์มุกดาหาร,มุกดาหาร,อำเภอเมืองมุกดาหาร,มุกดาหาร,490101,49000,ทุกวัน,8:30:00 AM,7:30:00 PM,45/1 ถ.พิทักษ์พนมเขต,,
535,CI2535,CI2535,คลินิก เพื่อนสัตว์,นางรอง,อำเภอนางรอง,บุรีรัมย์,310401,31110,"วันจันทร์, วันอังคาร, วันพุธ, วันพฤหัส, วันศุกร์, วันเสาร์",9:00:00 AM,7:00:00 PM,541/1 ถ.ประจันตเขต,,
536,CI2536,CI2536,คลีนิคสัตว์ประโคนชัย,ประโคนชัย,อำเภอประโคนชัย,บุรีรัมย์,310701,31140,ทุกวัน,8:30:00 AM,7:00:00 PM,195/1 ม.5,,
537,CI2537,CI2537,คลินิกสุคนธาสัตวแพทย์,ศรีบุญเรือง,อำเภอเมืองมุกดาหาร,มุกดาหาร,490102,49000,ทุกวัน,9:00:00 AM,7:00:00 PM,1 ซ.ศศิวงศ์1,,
538,CI2538,CI2538,โรงพยาบาลสัตว์ใบเตยเพ็ทแคร์,ในเมือง,อำเภอเมืองสุรินทร์,สุรินทร์,320101,32000,ทุกวัน,8:30:00 AM,8:00:00 PM,82/110-111 ถ.สระโบราณ,,
539,CI2539,CI2539,พรรณาสัตวแพทย์,พรรณา,อำเภอพรรณานิคม,สกลนคร,470401,47130,ทุกวัน,5:00:00 PM,8:00:00 PM,383,,
540,CI2540,CI2540,คลินิกรักษ์สัตว์,สว่างแดนดิน,อำเภอสว่างแดนดิน,สกลนคร,471201,47110,"วันจันทร์, วันอังคาร, วันพุธ, วันพฤหัส, วันศุกร์, วันเสาร์",8:30:00 AM,6:00:00 AM,862 ม.1 ถ.นิตโย,,
541,CI2541,CI2541,โรงพยาบาลสัตว์วุฒิตรา,ในเมือง,อำเภอเมืองอุบลราชธานี,อุบลราชธานี,340101,34000,ทุกวัน,9:00:00 AM,6:00:00 PM,252/3 ถ.พิชิตรังสรรค์,,
542,CI2542,CI2542,เพ็ญสัตวแพทย์,เพ็ญ,อำเภอเพ็ญ,อุดรธานี,411901,41150,ทุกวัน,10:00:00 AM,8:00:00 PM,198/7-8 ม.11,,
543,CI2543,CI2543,ศูนย์สุขภาพสัตว์หนองคาย,มีชัย,อำเภอเมืองหนองคาย,หนองคาย,430102,43000,"วันจันทร์, วันอังคาร, วันพุธ, วันพฤหัส, วันศุกร์, วันเสาร์",9:00:00 AM,7:00:00 PM,ศูนย์สุขภาพสัตว์เลี้ยงหนองคาย,,
544,CI2544,CI2544,โรงพยาบาลสัตว์ต้นภู,หมากแข้ง,อำเภอเมืองอุดรธานี,อุดรธานี,410101,41000,ทุกวัน,9:00:00 AM,7:00:00 PM,86/29 ถนนบ้านเหล่า,,
545,CI2545,CI2545,โรงพยาบาลสัตว์ยโสธร,ในเมือง,อำเภอเมืองยโสธร,ยโสธร,350101,35000,ทุกวัน,9:00:00 AM,6:00:00 PM,222/9 ถนนวารีราชเดช,,
546,CI2546,CI2546,ด๊อกพิช,ในเมือง,อำเภอเมืองบุรีรัมย์,บุรีรัมย์,310101,31000,ทุกวัน,8:30:00 AM,8:00:00 PM,39/1-2 ถ.รมย์บุรี,,
547,CI2547,CI2547,บ้านหมอใจดีรักษาสัตว์,มีชัย,อำเภอเมืองหนองคาย,หนองคาย,430102,43000,"วันจันทร์, วันอังคาร, วันพุธ, วันพฤหัส, วันศุกร์, วันเสาร์",9:00:00 AM,7:00:00 PM,176/1-2 ถ.พนังชลประทาน,,
548,CI2548,CI2548,คลินิกหมอเจี๊ยบรักษาสัตว์,แสนสุข,อำเภอวารินชำราบ,อุบลราชธานี,341518,34190,"วันอังคาร, วันพุธ, วันพฤหัส, วันศุกร์, วันเสาร์, วันอาทิตย์",9:00:00 AM,6:00:00 PM,216 ม.2,,
549,CI2549,CI2549,โรงพยาบาลสัตว์วีแคร์,หมากแข้ง,อำเภอเมืองอุดรธานี,อุดรธานี,410101,41000,ทุกวัน,9:00:00 AM,6:00:00 PM,18/1 ถ.สี่ศรัทธา,,
550,CI2550,CI2550,มีสุขรักษาสัตว์,ในเมือง,อำเภอเมืองยโสธร,ยโสธร,350101,35000,ทุกวัน,9:00:00 AM,6:00:00 PM,455/24 ถ.วิทยธำรงค์,,
551,CI2551,CI2551,คลินิกรวมสัตวแพทย์,ห้วยเหนือ,อำเภอขุขันธ์,ศรีสะเกษ,330509,33140,ทุกวัน,8:30:00 AM,6:00:00 AM,388/10 ม.3,,
552,CI2552,CI2552,คลินิกวีพีสัตวแพทย์,บ้านเลื่อม,อำเภอเมืองอุดรธานี,อุดรธานี,410112,41000,ทุกวัน,8:30:00 AM,6:00:00 AM,639/6 ม.4 ถ.อุดร-กุดจับ,,
553,CI2553,CI2553,โรงพยาบาลสัตว์ AEC อุดรธานี,หมากแข้ง,อำเภอเมืองอุดรธานี,อุดรธานี,410101,41000,ทุกวัน,8:30:00 AM,6:00:00 AM,97/118,,
554,CI2554,CI2554,สถานพยาบาลสัตว์โพธิ์สว่าง,หมากแข้ง,อำเภอเมืองอุดรธานี,อุดรธานี,410101,41000,ทุกวัน,9:00:00 AM,6:00:00 AM,34/8 ม.2 ซ.บ้านโพธิ์ส่วาง,,
555,CI2555,CI2555,ท่าบ่อสัตว์แพทย์,ท่าบ่อ,อำเภอท่าบ่อ,หนองคาย,430201,43120,ทุกวัน,9:00:00 AM,7:00:00 PM,119/10 ม.13,,
556,CI2556,CI2556,เกษมสุขสัตวแพทย์,สังขะ,อำเภอสังขะ,สุรินทร์,321001,32150,"วันอังคาร, วันพุธ, วันพฤหัส, วันศุกร์, วันเสาร์, วันอาทิตย์",9:00:00 AM,7:00:00 PM,783/4 ม.1,,
557,CI2557,CI2557,โรงพยาบาลสัตว์โปรเวทสุรินทร์,ในเมือง,อำเภอเมืองสุรินทร์,สุรินทร์,320101,32000,ทุกวัน,9:00:00 AM,9:00:00 PM,32/14 ถ.หลักเมือง,,
558,CI2558,CI2558,โรงพยาบาลสัตว์อุดร,หมากแข้ง,อำเภอเมืองอุดรธานี,อุดรธานี,410101,41000,ทุกวัน,9:00:00 AM,7:00:00 PM,458/6-7 ถ.รอบเมือง,,
559,CI2559,CI2559,สิริพิชญ์รักษาสัตว์,ในเมือง,อำเภอเมืองบุรีรัมย์,บุรีรัมย์,310101,31000,ทุกวัน,9:00:00 AM,7:00:00 PM,35/5 ถ.บุลำดวน,,
560,CI2560,CI2560,หมอแบตรักษาสัตว์,หนองญาติ,อำเภอเมืองนครพนม,นครพนม,480112,48000,ทุกวัน,9:00:00 AM,7:30:00 PM,434/2 ม.2 ถ.นครพนม-สกลนคร,,
561,CI2561,CI2561,ญาญ่ารักษาสัตว์,ปะโค,อำเภอเมืองหนองคาย,หนองคาย,430117,43000,"วันจันทร์, วันอังคาร, วันพฤหัส, วันศุกร์, วันเสาร์, วันอาทิตย์",7:30:00 AM,6:00:00 PM,172 ม.6,,
562,CI2562,CI2562,สหเพ็ทคลินิก,แวงน่าง,อำเภอเมืองมหาสารคาม,มหาสารคาม,440104,44000,ทุกวัน,8:00:00 AM,6:30:00 PM,641 ม.8,,
563,CI2563,CI2563,ศูนย์สุขภาพสัตว์หมอหมิง,หมากแข้ง,อำเภอเมืองอุดรธานี,อุดรธานี,410101,41000,ทุกวัน,9:00:00 AM,7:00:00 PM,99/1-3 ถ.อุดรดุษฎี,,
564,CI2564,CI2564,โรงพยาบาลสัตว์วาริน,วารินชำราบ,อำเภอวารินชำราบ,อุบลราชธานี,341501,34190,ทุกวัน,8:30:00 AM,7:30:00 PM,เลขที่ 41/3-5 ถนนศรีสะเกษ 2,,
565,CI2565,CI2565,สุวรรณภูมิสัตวแพทย์,สระคู,อำเภอสุวรรณภูมิ,ร้อยเอ็ด,451101,45130,ทุกวัน,9:00:00 AM,6:30:00 PM,435/1 ซ.ประสานเมือง 6 ถ.ประสานเมือง,,
566,CI2566,CI2566,โรงพยาบาลสัตว์เพียงจัย,หมากแข้ง,อำเภอเมืองอุดรธานี,อุดรธานี,410101,41000,ทุกวัน,8:30:00 AM,7:30:00 PM,251/51 ถ.อุดรดุษฎี,,
567,CI2567,CI2567,สดใส รักษาสัตว์,วารินชำราบ,อำเภอวารินชำราบ,อุบลราชธานี,341501,34190,"วันจันทร์, วันอังคาร, วันพฤหัส, วันศุกร์, วันเสาร์, วันอาทิตย์",9:00:00 AM,7:00:00 PM,46 ถ.สกลมาร์ค,,
568,CI2568,CI2568,สำโรงทาบรักษาสัตว์,หนองไผ่ล้อม,อำเภอสำโรงทาบ,สุรินทร์,321202,32120,"วันจันทร์, วันพุธ, วันพฤหัส, วันศุกร์, วันเสาร์, วันอาทิตย์",9:00:00 AM,6:30:00 PM,589 ม.1,,
569,CI2569,CI2569,เวทิดารักษาสัตว์,เขาดินเหนือ,อำเภอบ้านกรวด,บุรีรัมย์,310809,31180,ทุกวัน,9:00:00 AM,6:30:00 PM,114 ม.7,,
570,CI2570,CI2570,หมอหนึ่งรักษาสัตว์,นางรอง,อำเภอนางรอง,บุรีรัมย์,310401,31110,ทุกวัน,9:00:00 AM,6:30:00 PM,595/2 ถ.ประจันตเขต,,
571,CI2571,CI2571,คลินิกขุขันธ์เพ็ทแคร์,ห้วยเหนือ,อำเภอขุขันธ์,ศรีสะเกษ,330509,33140,ทุกวัน,8:00:00 AM,6:00:00 PM,เลขที่ 31/8 หมู่ที่ 4 บ้านพราน,,
572,CI2572,CI2572,อุดรเพื่อนไก่,หมากแข้ง,อำเภอเมืองอุดรธานี,อุดรธานี,410101,41000,ทุกวัน,9:00:00 AM,6:30:00 PM,323 ถ.หมากแข้ง,,
573,CI2573,CI2573,โรงพยาบาลสัตว์โปรเวทบุรีรัมย์,ท่ามะขาม,อำเภอเมืองกาญจนบุรี,กาญจนบุรี,710104,71000,ทุกวัน,9:00:00 AM,8:30:00 PM,654/3 ถ.แสงชูโตเหนือ,,
574,CI2574,CI2574,โรงพยาบาลสัตว์เพ็ทอะราวด์มี,ในเมือง,อำเภอเมืองอุบลราชธานี,อุบลราชธานี,340101,34000,ทุกวัน,9:00:00 AM,8:00:00 PM,เลขที่ 1 ซอยเลี่ยงเมือง,,
575,CI2575,CI2575,โรงพยาบาลสัตว์ เออีซี หนองคาย,หนองกอมเกาะ,อำเภอเมืองหนองคาย,หนองคาย,430116,43000,ทุกวัน,9:00:00 AM,6:30:00 PM,เลขที่ 335 หมู่ที่ 11,,
576,CI2576,CI2576,คลินิกบ้านรักสัตว์นครพนม,ในเมือง,อำเภอเมืองนครพนม,นครพนม,480101,48000,ทุกวัน,9:00:00 AM,6:30:00 PM,10-12 ถ.ลูกเสือ,,
577,CI2577,CI2577,Pet Complex Ubon,ในเมือง,อำเภอเมืองอุบลราชธานี,อุบลราชธานี,340101,34000,ทุกวัน,8:30:00 AM,7:30:00 PM,,,
578,CI2578,CI2578,Pet Complex ร้อยเอ็ด,เหนือเมือง,อำเภอเมืองร้อยเอ็ด,ร้อยเอ็ด,450103,45000,ทุกวัน,8:30:00 AM,7:30:00 PM,,,
579,CI2579,CI2579,โรงพยาบาลสัตว์อุบลราชธานี สาขาหลังวัดแจ้ง,ในเมือง,อำเภอเมืองอุบลราชธานี,อุบลราชธานี,340101,34000,ทุกวัน,8:30:00 AM,7:30:00 PM,,,
580,CI2580,CI2580,โรงพยาบาลสัตว์อุบลราชธานี สาขาวนารมณ์,ในเมือง,อำเภอเมืองอุบลราชธานี,อุบลราชธานี,340101,34000,ทุกวัน,8:30:00 AM,7:30:00 PM,,,
581,CI2581,CI2581,โรงพยาบาลสัตว์เพ็ทคอมเพล็ก ศรีสะเกษ,หญ้าปล้อง,อำเภอเมืองศรีสะเกษ,ศรีสะเกษ,330116,33000,ทุกวัน,8:30:00 AM,7:30:00 PM,,,
582,CI2582,CI2582,Three vet Pet care,แสนสุข,อำเภอเมืองชลบุรี,ชลบุรี,200104,20130,ทุกวัน,9:00:00 AM,6:30:00 PM,14 บางแสนสาย4 เหนือ,,
583,CI2583,CI2583,Pet Complex Ubon สาขาสามัคคี,ในเมือง,อำเภอเมืองอุบลราชธานี,อุบลราชธานี,340101,34000,ทุกวัน,8:30:00 AM,7:30:00 PM,126 ถ.ชวาลานอก,,
584,CK2584,CK2584,โรงพยาบาลสัตว์ ม.เกษตรศาสตร์ หัวหิน,หนองแก,อำเภอหัวหิน,ประจวบคีรีขันธ์,770702,77110,ทุกวัน,8:30:00 AM,19:30pm,9 ซ.หมู่บ้านสวนสน,,
585,CK2585,CK2585,โรงพยาบาลสัตว์หนองโพ,บ้านเลือก,อำเภอโพธาราม,ราชบุรี,700704,70120,ทุกวัน,8:30:00 AM,19:30pm,121 ม.8,,
586,CK2586,CK2586,โรงพยาบาลสัตว์ประศุอาทร,ศาลายา,อำเภอพุทธมณฑล,นครปฐม,730701,73170,ทุกวัน,8:30:00 AM,3:30:00 PM,มหาวิทยาลัยมหิดล,,
587,CK2587,CK2587,โรงพยาบาลสัตว์เศรษฐกิจ,แขวงบางแคเหนือ,เขตบางแค,กรุงเทพมหานคร,104002,10160,ทุกวัน,8:00:00 AM,9:00:00 PM,98 ถนนหมู่บ้านเศรษฐกิจ,,
588,CK2588,CK2588,โรงพยาบาลสัตว์ ดีรักษ์,แขวงบางคอแหลม,เขตบางคอแหลม,กรุงเทพมหานคร,103101,10120,ทุกวัน,9:00:00 AM,9:00:00 PM,195 ถ.พระรามที่3,,
589,CK2589,CK2589,โรงพยาบาลสัตว์ มหาวิทยาลัยเกษตรศาสตร์ บางเขน,แขวงลาดยาว,เขตจตุจักร,กรุงเทพมหานคร,103001,10900,ทุกวัน,7:03:00 AM,8:00:00 PM,50 ถ.งามวงศ์วาน,,
590,CK2590,CK2590,โรงพยาบาลสัตว์โอเอซิส,แขวงบางระมาด,เขตตลิ่งชัน,กรุงเทพมหานคร,101905,10170,ทุกวัน,12:00:00 AM,12:00:00 AM,88 ถ.อินทราวาส,,
591,CK2591,CK2591,โรงพยาบาลสัตว์ พญาไท ๗,แขวงสามเสนใน,เขตพญาไท,กรุงเทพมหานคร,101401,10400,ทุกวัน,12:00:00 AM,12:00:00 AM,9/9 ซ.กิ่งชำนาญอักษร,,
592,CK2592,CK2592,โรงพยาบาลสัตว์เล็ก มหาวิทยาลัยเทคโนโลยีมหานคร ,แขวงกระทุ่มราย,เขตหนองจอก,กรุงเทพมหานคร,100301,10630,ทุกวัน,9:00:00 AM,7:30:00 PM,140 ถ.เชื่อมสัมพันธ์,,
593,CK2593,CK2593,โรงพยาบาลสัตว์ตลิ่งชัน,แขวงฉิมพลี,เขตตลิ่งชัน,กรุงเทพมหานคร,101903,10170,ทุกวัน,12:00:00 AM,12:00:00 AM,1 ซ.บรมราชชนนี 61 ถ.บรมราชชนนี,,
594,CK2594,CK2594,โรงพยาบาลสัตว์ศรีวรา,แขวงพลับพลา,เขตวังทองหลาง,กรุงเทพมหานคร,104504,10310,ทุกวัน,12:00:00 AM,12:00:00 AM,1325 ซ.ลาดพร้าว 94 (ปัญจมิตร),,
595,CK2595,CK2595,สวนหลวงสัตวแพทย์ (SLV),แขวงศิริราช,เขตบางกอกน้อย,กรุงเทพมหานคร,102004,10700,ทุกวัน,12:00:00 AM,12:00:00 AM,24/1 ถ.อรุณอมรินทร์,,
596,CK2596,CK2596,โรงพยาบาลสัตว์ศรีวราโคราช,ในเมือง,อำเภอเมืองนครราชสีมา,นครราชสีมา,300101,30000,ทุกวัน,9:00:00 AM,11:00:00 PM,เลขที่ 1849/11-12 ถนนสืบศิริ,,
597,CK2597,CK2597,โรงพยาบาลสัตว์อนุรักษ์เมตตาสัตว์,แขวงหลักสอง,เขตบางแค,กรุงเทพมหานคร,104004,10160,ทุกวัน,9:00:00 AM,9:00:00 PM,เลขที่ 1637 1639 ถนนเพชรเกษม,,
598,CK2598,CK2598,โรงพยาบาลสัตว์ พญาไท ๗ สาขาบางนา,แขวงบางนาเหนือ,เขตบางนา,กรุงเทพมหานคร,104702,10260,ทุกวัน,12:00:00 AM,12:00:00 AM,27 ถนนศรีนครินทร์,,
599,CK2599,CK2599,โรงพยาบาลสัตว์กำแพงแสน,กำแพงแสน,อำเภอกำแพงแสน,นครปฐม,730212,73140,ทุกวัน,8:30:00 AM,7:30:00 PM,เลขที่ 1 หมู่ 6,,
600,CK2600,CK2600,โรงพยาบาลสัตว์์เมืองเอก-เมืองเอก,ลำลูกกา,อำเภอลำลูกกา,ปทุมธานี,130604,12150,ทุกวัน,12:00:00 AM,12:00:00 AM,300/154-157 ซอยพหลโยธิน 87 ปากทางเข้าหมู่บ้านเมืองเอก (มหาวิทยาลัยรังสิต),,
601,CK2601,CK2601,โรงพยาบาลสัตว์์เมืองเอก-คลองสาม,ประชาธิปัตย์,อำเภอธัญบุรี,ปทุมธานี,130301,12130,ทุกวัน,12:00:00 AM,12:00:00 AM,51-51/1 ซ.รังสิตนครนายก 67,,
602,CK2602,CK2602,โรงพยาบาลสัตว์์เมืองเอก-คลองสี่,ลาดสวาย,อำเภอลำลูกกา,ปทุมธานี,130602,12150,ทุกวัน,12:00:00 AM,12:00:00 AM,14/20-24 ม.5 ถ.ไสวประชาราษฏร์,,
603,CK2603,CK2603,โรงพยาบาลสัตว์์เมืองเอก-พัทยา,นาเกลือ,อำเภอบางละมุง,ชลบุรี,200408,20150,ทุกวัน,12:00:00 AM,12:00:00 AM,44/57 หมู่ที่ 11 ถ. สุขุมวิท,,
604,CK2604,CK2604,โรงพยาบาลสัตว์รัตนาธิเบศร์-บางบัวทอง,บางรักพัฒนา,อำเภอบางบัวทอง,นนทบุรี,120408,11110,ทุกวัน,12:00:00 AM,12:00:00 AM,29-30 ถ. บางกรวย - ไทรน้อย,,
605,CK2605,CK2605,โรงพยาบาลสัตว์รัตนาธิเบศร์-ราชพฤกษ์,อ้อมเกร็ด,อำเภอปากเกร็ด,นนทบุรี,120609,11120,ทุกวัน,12:00:00 AM,12:00:00 AM,55/43-45 หมู่1 ถ. ราชพฤกษ์,,
606,CK2606,CK2606,โรงพยาบาลสัตว์รัตนาธิเบศร์-แคราย,ตลาดขวัญ,อำเภอเมืองนนทบุรี,นนทบุรี,120102,11000,ทุกวัน,12:00:00 AM,12:00:00 AM,47ถ.ติวานนท์,,
607,CK2607,CK2607,โรงพยาบาลสัตว์รัตนาธิเบศร์-พระนั่งเกล้า,ไทรม้า,อำเภอเมืองนนทบุรี,นนทบุรี,120109,11000,ทุกวัน,12:00:00 AM,12:00:00 AM,35/10,,
608,CK2608,CK2608,โรงพยาบาลสัตว์รัตนาธิเบศร์-เกษตรนวมินทร์,แขวงลาดพร้าว,เขตลาดพร้าว,กรุงเทพมหานคร,103801,10230,ทุกวัน,12:00:00 AM,12:00:00 AM,464 ถ. สุคนธสวัสดิ์,,
609,CK2609,CK2609,โรงพยาบาลสัตว์รัตนาธิเบศร์-ปทุมธานี,บางปรอก,อำเภอเมืองปทุมธานี,ปทุมธานี,130101,12000,ทุกวัน,12:00:00 AM,12:00:00 AM,20/52,,
610,CK2610,CK2610,โรงพยาบาลสัตว์รัตนาธิเบศร์-ภูเก็ต,วิชิต,อำเภอเมืองภูเก็ต,ภูเก็ต,830105,83000,ทุกวัน,12:00:00 AM,12:00:00 AM,64/189 หมู่ 1 ถนนเจ้าฟ้าตะวันออก,,
611,CK2611,CK2611,โรงพยาบาลสัตว์รัตนาธิเบศร์-สุราษฎร์ธานี,มะขามเตี้ย,อำเภอเมืองสุราษฎร์ธานี,สุราษฎร์ธานี,840102,84000,ทุกวัน,12:00:00 AM,12:00:00 AM,142/224 หมู่ 1 ถนนปทุมพร,,
612,CK3612,CK3612,ร้านกิตติศักดิ์ เพ็ทมาร์ท,ประตูชัย,อำเภอพระนครศรีอยุธยา,พระนครศรีอยุธยา,,13000,ทุกวัน,9:00:00 AM,9:00:00 PM,7/3 ม.1 ถ.จักรพรรดิ์,0,0
613,CK3613,CK3613,168 เพ็ทช็อบ,บางน้ำจืด,อำเภอเมืองสมุทรสาคร,สมุทรสาคร,,74000,ทุกวัน,9.00-21.00 AM,9.00-21.00 AM,99/505 ม.1 ถ.พระราม 2,0,0
614,CK3614,CK3614,เคยู การ์เด้นท์ (K.U. Garden),,กรุงเทพมหานคร,กรุงเทพมหานคร,,10160,ทุกวัน,9:00:00 AM,6:30:00 PM,1535 ถ.กาญจนาภิเษก,0,0
615,CK3615,CK3615,Plepetmart,แขวงสะพานสูง,เขตสะพานสูง,กรุงเทพมหานคร,,10250,ทุกวัน,9.00-21.00 AM,9.00-21.00 AM,7/7 ถ.รามคำแหง,0,0
616,CK3616,CK3616,Petjah Petshop,บางรักพัฒนา,อำเภอบางบัวทอง,นนทบุรี,,11110,ทุกวัน,9.00-21.00 AM,9.00-21.00 AM,เลขที่ 9/18 หมู่ที่ 11,0,0
617,CK3617,CK3617,ช็อคกาดูฟ เพ็ทช็อป,ท่าทราย,อำเภอเมืองนนทบุรี,นนทบุรี,,11000,ทุกวัน,9.00-21.00 AM,9.00-21.00 AM,418/2 ถ.สามัคคี,0,0
618,CK3618,CK3618,Petcare+,,นนทบุรี,นนทบุรี,,11120,ทุกวัน,10:00:00 AM,8:00:00 PM,เลขที่ 479 ชั้น 2,0,0
619,CK3619,CK3619,All about pet สาขาจุฬา,แขวงวังใหม่,เขตปทุมวัน,กรุงเทพมหานคร,,10330,ทุกวัน,8:00:00 AM,6:00:00 PM,ตึกคณะสัตวแพทย์ศาสตร์ ถนนอังรีดูนังค์ หจก.ออล อะเบาท์เพ็ทสาขาโรงพยาบาลสัตวเล็กจุฬา เลขที่39 แขวงวังใหม่ เขตปทุมวัน กรุงเทพมหานคร 10330,0,0
620,CK3620,CK3620,All about pet สาขาเกตเวย์เอกมัย,แขวงคลองเตย,เขตคลองเตย,กรุงเทพมหานคร,,10110,ทุกวัน,9:00:00 AM,9:00:00 PM,4101 ถ. สุขุมวิท แขวงพระโขนง เขตคลองเตย กรุงเทพมหานคร 10110,0,0
621,CK3621,CK3621,All about petสาขาแฟชั่นไอซ์แลนด์,แขวงคันนายาว,เขตคันนายาว,กรุงเทพมหานคร,,10230,ทุกวัน,10:00:00 AM,9:00:00 PM,ศุนย์การค้าแฟชันไอส์แลนด์ ชั้น1 โซนบิ๊กซี แขวงคันนายาว เขตบางเขน กรุงเทพมหานคร 10230,0,0
622,CK3622,CK3622,All about pet สาขานวมินทร์,แขวงจรเข้บัว,เขตลาดพร้าว,กรุงเทพมหานคร,,10230,ทุกวัน,10:00:00 AM,8:00:00 PM,ร้านอาหารสัตว์ เลขที่ 30/19 ชั้น 1 นวมินทร์ซิตี้ อะเวนิว ม.4 แขวงจรเข้บัว เขตลาดพร้าว กรุงเทพมหานคร 10230,0,0
623,CK3623,CK3623,All about pet สาขารามอินทรา,แขวงคันนายาว,เขตคันนายาว,กรุงเทพมหานคร,,10230,ทุกวัน,10:00:00 AM,8:00:00 PM,471 ถ. รามอินทรา รามอินทรา เขตคันนายาว กรุงเทพมหานคร 10230,0,0
624,CK3624,CK3624,มนูญ เพ็ทช็อป เดอะโฟร์ท สายสี่,ศาลายา,อำเภอพุทธมณฑล,นครปฐม,,73220,ทุกวัน,9.00-21.00 AM,9.00-21.00 AM,"111/34 อาคารซี 1 ห้อง ซี01,ซี02",0,0
625,CK3625,CK3625,มนูญเพ็ทช็อป สาขาอ.ต.ก.,แขวงจตุจักร,เขตจตุจักร,กรุงเทพมหานคร,,10900,ทุกวัน,9:00:00 AM,8:00:00 PM,ก อาคารโซนสัตว์เลี้ยง อ.ต.ก 101 ถนน ย่านพหลโยธิน,0,0
626,CK3626,CK3626,มนูญเพ็ทช็อป สาขาไทวัสดุบางบัวทอง,บางบัวทอง,อำเภอบางบัวทอง,นนทบุรี,,11110,ทุกวัน,9.00-21.00 AM,9.00-21.00 AM,เลขที่ 59/9 หมู่ที่ 1,0,0
627,CK3627,CK3627,มนูญ เพ็ทช็อป สาขาธารา อเวนิว รังสิตคลอง 3,บึงยี่โถ,อำเภอธัญบุรี,ปทุมธานี,,12130,ทุกวัน,9.00-21.00 AM,9.00-21.00 AM,55/5 หมู่ 2 ชั้น 1 อาคารธาราอเวนิว รังสิต คลอง 3,0,0
628,CK3628,CK3628,มนูญเพ็ทช็อป สาขาลาดพร้าว71,แขวงลาดพร้าว,เขตลาดพร้าว,กรุงเทพมหานคร,,10230,ทุกวัน,9.00-21.00 AM,9.00-21.00 AM,เลขที่ 177/1 ถนนนาคนิวาส,0,0
629,CK3629,CK3629,มนูญเพ็ทช็อป สาขาดอนเมือง,แขวงสีกัน,เขตดอนเมือง,กรุงเทพมหานคร,,10210,ทุกวัน,9.00-21.00 AM,9.00-21.00 AM,119 15-16 ถ. พหลโยธิน,0,0
630,CK3630,CK3630,มนูญเพ็ทช็อป สาขาเซียร์รังสิต,คูคต,อำเภอลำลูกกา,ปทุมธานี,,12130,ทุกวัน,9.00-21.00 AM,9.00-21.00 AM,99 ถ. พหลโยธิน,0,0
631,CK3631,CK3631,มนูญ เพ็ท ช็อป สาขา ประชานิเวศน์,แขวงลาดยาว,เขตจตุจักร,กรุงเทพมหานคร,,10900,ทุกวัน,9.00-21.00 AM,9.00-21.00 AM,เลขที่ 99/302 ถนนเทศบาลสงเคราะห์,0,0
632,CK3632,CK3632,มนูญ เพ็ท ช็อป สาขารามอินทรา,แขวงรามอินทรา,เขตคันนายาว,กรุงเทพมหานคร,,10230,ทุกวัน,9.00-21.00 AM,9.00-21.00 AM,"เลขที่ 63,65 ถนนรามอินทรา",0,0
633,CK3633,CK3633,มนูญ เพ็ท ช็อป สาขาลาดพร้าว 101,แขวงคลองจั่น,เขตบางกะปิ,กรุงเทพมหานคร,,10240,ทุกวัน,9.00-21.00 AM,9.00-21.00 AM,"70 78, 80 ถนนลาดพร้าว",0,0
634,CK3634,CK3634,เมล็ดข้าวเพ็ทช้อป สาขาพาราไดซ์,แขวงหนองบอน,เขตประเวศ,กรุงเทพมหานคร,,10250,ทุกวัน,12:00:00 PM,8:00:00 PM,พาราไดซ์พาร์ค  61 ถนน ศรีนครินทร์,0,0
635,CK3635,CK3635,Maletkhao Petshop,,,,,10250,ทุกวัน,12:00:00 PM,8:00:00 PM,61 ถ.ศรินครินทร์,0,0
636,CK3636,CK3636,สถานพยาบาลสัตว์มนูญเพ็ทช็อป สาขาหลักสี่,,,กรุงเทพมหานคร,,10220,ทุกวัน,11:00:00 AM,8:00:00 PM,56/1-56/10 ถนนพหลโยธิน,0,0
637,CK3637,CK3637,สถานพยาบาลสัตว์ มนูญเพ็ทช็อป บาย ไอเคเอส สาขาปิ่นเกล้า,แขวงอรุณอมรินทร์,เขตบางกอกน้อย,กรุงเทพมหานคร,,10700,ทุกวัน,11:00:00 AM,8:00:00 PM,1/92 ถนนอรุณอัมรินทร์,0,0
638,CK3638,CK3638,มนูญเพ็ทช็อป บาย ไอเคเอส สาขาราชพฤกษ์,,นนทบุรี,นนทบุรี,,11130,ทุกวัน,10:00:00 AM,8:30:00 PM,86/6-7 ถนนราชพฤกษ์,0,0
639,CK3639,CK3639,มนูญเพ็ทช็อป บาย ไอเคเอส สาขาพระราม3,,,กรุงเทพมหานคร,,10120,ทุกวัน,11:00:00 AM,8:00:00 PM,45/25-27 ถนนพระราม 3,0,0
640,CK3640,CK3640,มนูญเพ็ทช็อป บาย ไอเคเอส สาขารัตนาธิเบศร์,บางกระสอ,อำเภอเมืองนนทบุรี,นนทบุรี,,11000,ทุกวัน,10:00:00 AM,9:00:00 PM,243 หมู่ 8 ถนนรัตนาธิเบศร์,0,0
641,CK3641,CK3641,มนูญเพ็ทช็อป บาย ไอเคเอส สาขาแจ้งวัฒนะ,แขวงทุ่งสองห้อง,เขตหลักสี่,กรุงเทพมหานคร,,10210,ทุกวัน,9:30:00 AM,8:30:00 PM,299/50-51 ถนนแจ้งวัฒนะ,0,0
642,CK3642,CK3642,มนูญเพ็ทช็อป บาย ไอเคเอส สาขาจรัญสนิทวงศ์,แขวงบ้านช่างหล่อ,เขตบางกอกน้อย,กรุงเทพมหานคร,,10700,ทุกวัน,10:30:00 AM,9:00:00 PM,256/33 ,0,0
643,CK3643,CK3643,มนูญเพ็ทช็อป บาย ไอเคเอส สาขาพระราม 2,แขวงแสมดำ,เขตบางขุนเทียน,กรุงเทพมหานคร,,10150,ทุกวัน,11:30:00 AM,8:00:00 PM,346 ถนนพระราม 2,0,0
644,CK3644,CK3644,MANOON PET SHOP พัฒนาการ,แขวงสวนหลวง,เขตสวนหลวง,กรุงเทพมหานคร,,10250,ทุกวัน,9.00-21.00 AM,9.00-21.00 AM,1246 ถนนพัฒนาการ,0,0
645,CK3645,CK3645,MANOON PET SHOP โฮมโปร รามคำแหง,แขวงหัวหมาก,เขตบางกะปิ,กรุงเทพมหานคร,,10240,ทุกวัน,9.00-21.00 AM,9.00-21.00 AM,647/19 ถ .รามคำแหง,0,0
646,CK3646,CK3646,MANOON PET SHOP มาร์เก็ตวิลเลจ,บางพลีใหญ่,อำเภอบางพลี,สมุทรปราการ,,10540,ทุกวัน,9.00-21.00 AM,9.00-21.00 AM,99 29 หมู่ที่ 1 ถ. เทพรัตน,0,0
647,CK3647,CK3647,MANOON PET SHOP พาราไดซ์,แขวงสามวาตะวันตก,เขตคลองสามวา,กรุงเทพมหานคร,,10250,ทุกวัน,9.00-21.00 AM,9.00-21.00 AM,ซีวิคพาร์ค ห้อง a1 ชั้น g เลขที่ 63 ซอย อรรคพัฒน์ (ทองหล่อ 13) ถนน สุขุมวิท55,0,0
648,CK3648,CK3648,Little spider & friends สาขาเมกะบางนา,บางแก้ว,อำเภอบางพลี,สมุทรปราการ,,10540,ทุกวัน,10:00:00 AM,9:00:00 PM,39 MEGA BANGNA ( ร้านอาหารสัตว์ โซนโฮมโปร ) เสา Q51ทางลงอานตี้แอนส์ ตำบล บางแก้ว อำเภอบางพลี สมุทรปราการ 10540,0,0
649,CK3649,CK3649,Little spider & friends สาขามหิดล1,ศาลายา,อำเภอพุทธมณฑล,นครปฐม,,73170,ทุกวัน,10:00:00 AM,6:00:00 PM,999 หมู่5 รพส.มหิดล ตำบล ศาลายา อำเภอพุทธมณฑล นครปฐม,0,0
650,CK3650,CK3650,Little spider & friends สาขามหิดล2,ศาลายา,อำเภอพุทธมณฑล,นครปฐม,,73170,ทุกวัน,10:00:00 AM,7:00:00 PM,999 ล็อค1 (ประตู6 ถนน พุทธมณฑลสาย 4 ตำบล ศาลายา อำเภอพุทธมณฑล นครปฐม 73170,0,0
651,CK3651,CK3651,Little spider & friends สาขามหิดล3,ศาลายา,อำเภอพุทธมณฑล,นครปฐม,,73170,ทุกวัน,9:00:00 AM,8:00:00 PM,ร้านลิตเติ้ลสไปเดอร์ แอนด์ เฟรนด์ส ( MU3 ) เลขที่ 73/107-110 ตำบล ศาลายา อำเภอพุทธมณฑล นครปฐม 73170,0,0
652,CK3652,CK3652,Chocadoof,ท่าทราย,อำเภอเมืองนนทบุรี,นนทบุรี,,11000,ทุกวัน,10:00:00 AM,10:00:00 PM,418/2 ตอม่อ 20 ตลาดงามวงศ์วาน ซ. งามวงศ์วาน 21 ต.ท่าทราย อำเภอเมืองนนทบุรี นนทบุรี 11000,0,0
653,CK3653,CK3653,Chocadoof,แขวงหัวหมาก,เขตบางกะปิ,กรุงเทพมหานคร,,10240,ทุกวัน,10:00:00 AM,10:00:00 PM,"ตัดใหม่, 87/2 ถนน กรุงเทพกรีฑา, ซอย กรุงเทพกรีฑา 15 หัวหมาก, เขตบางกะปิ กรุงเทพมหานคร 10240",0,0
654,CK3654,CK3654,Chocadoof,ศาลากลาง,อำเภอบางกรวย,นนทบุรี,,11130,ทุกวัน,10:00:00 AM,10:00:00 PM,"166, ตำบล ศาลากลาง Bangkrui district, นนทบุรี 11130",0,0
655,CK3655,CK3655,Chocadoof,คลองหนึ่ง,อำเภอคลองหลวง,ปทุมธานี,,12120,ทุกวัน,10:00:00 AM,10:00:00 PM,54 ตำบล คลองหนึ่ง อำเภอคลองหลวง ปทุมธานี 12120,0,0
656,CK3656,CK3656,Chocadoof,บางพลีใหญ่,อำเภอบางพลี,สมุทรปราการ,,10540,ทุกวัน,10:00:00 AM,10:00:00 PM,กม.11 ถ. เทพารักษ์ ตำบล บางพลีใหญ่ อำเภอบางพลี สมุทรปราการ 10540,0,0
657,CK3657,CK3657,Okane,บางพลับ,อำเภอปากเกร็ด,นนทบุรี,,11120,ทุกวัน,9:30:00 AM,8:30:00 PM,25/6 หมู่5 ถ. ชัยพฤกษ์ ตำบล บางพลับ อำเภอปากเกร็ด นนทบุรี 11120,0,0
658,CK3658,CK3658,Okane,บางพลับ,อำเภอปากเกร็ด,นนทบุรี,,11110,ทุกวัน,9:30:00 AM,8:30:00 PM,"Okane pet Home Store สาขาราชพฤกษ์ 55/58 Ratcha Phruek Rd, ตำบล บางพลับ อำเภอปากเกร็ด นนทบุรี 11110",0,0
659,CK3659,CK3659,Okane,คลองพระอุดม,อำเภอปากเกร็ด,นนทบุรี,,11120,ทุกวัน,9:30:00 AM,8:30:00 PM,Okane Pet Home Store 90/1 ถ. ชัยพฤกษ์ ตำบล คลองพระอุดม อำเภอปากเกร็ด นนทบุรี 11120,0,0
660,CK3660,CK3660,Okane,บางกร่าง,อำเภอเมืองนนทบุรี,นนทบุรี,,11000,ทุกวัน,9:30:00 AM,8:30:00 PM,Okane Pet Home Store (มหาเจษฏาบดินทร์ฯ)50/50 หมู่8 ถนนเจษฏาบดินทร์ ตำบล บางกร่าง อำเภอเมืองนนทบุรี นนทบุรี 11000,0,0
661,CK3661,CK3661,Okane,โสนลอย,อำเภอบางบัวทอง,นนทบุรี,,11110,ทุกวัน,9:30:00 AM,8:30:00 PM,65 8 ถ. บางกรวย - ไทรน้อย ตำบลโสนลอย อำเภอบางบัวทอง นนทบุรี 11110,0,0
662,CK3662,CK3662,Okane,บางรักน้อย,อำเภอเมืองนนทบุรี,นนทบุรี,,11000,ทุกวัน,9:30:00 AM,8:30:00 PM,19 13 หมู่5 ถ. ราชพฤกษ์ ตำบล บางรักน้อย อำเภอเมืองนนทบุรี นนทบุรี 11000,0,0